    {
    
    "metadata" :
    {
    "formatVersion" : 3.1,
    "sourceFile"    : "streetLamp.obj",
    "generatedBy"   : "OBJConverter",
    "vertices"      : 142,
    "faces"         : 220,
    "normals"       : 0,
    "colors"        : 0,
    "uvs"           : 166,
    "materials"     : 1
    },
    
    "scale" : 1.000000,
    
    "materials": [	{
	"DbgColor" : 15658734,
	"DbgIndex" : 0,
	"DbgName" : "lambert2SG.002",
	"colorAmbient" : [0.0, 0.0, 0.0],
	"colorDiffuse" : [0.0, 0.0, 0.0],
	"colorSpecular" : [0.5, 0.5, 0.5],
	"illumination" : 2,
    "mapDiffuse" : "terrain_1024.jpg",
    "opticalDensity" : 1.0,
	"specularCoef" : 96.078431,
	"transparency" : 0.0
	}],
    
    "vertices": [3.146942,12.322063,-0.126163,3.499495,12.300669,-0.585224,3.853920,12.671706,-0.598732,3.242004,12.708873,0.197563,2.456879,12.857776,-0.412952,3.069191,12.820535,-1.209019,3.047768,12.386319,-0.936157,2.695148,12.407759,-0.477653,3.074757,12.194187,-0.541084,3.808962,13.028868,-0.565040,3.279167,13.061029,0.124626,2.599339,13.189954,-0.403900,3.129160,13.157768,-1.093288,3.450573,13.236309,-0.504948,3.253916,13.248231,-0.248760,3.002026,13.296021,-0.444832,3.198746,13.284047,-0.700466,3.296700,13.609857,-0.289047,3.439095,13.601212,-0.474285,3.256853,13.635763,-0.615944,3.114487,13.644430,-0.430988,3.261538,13.170403,-0.112087,3.580965,13.150995,-0.527622,3.172266,13.228504,-0.845405,2.852760,13.247965,-0.430488,3.362013,13.614436,-0.553646,3.442636,14.184490,-0.518299,3.463190,14.171206,-0.350944,3.382566,13.601151,-0.386291,3.284006,14.248871,-0.322773,3.195911,13.626009,-0.361393,3.263451,14.262156,-0.490127,3.175360,13.639292,-0.528751,3.436361,14.003711,-0.551571,3.596270,14.630922,-0.593990,3.639013,14.603295,-0.245979,3.461651,13.987364,-0.345653,3.250891,14.654981,-0.194206,3.231989,14.017945,-0.315021,3.208147,14.682606,-0.542221,3.206701,14.034290,-0.520939,1.536158,14.622847,-0.249649,0.680504,14.995834,-0.182674,0.702370,14.984840,-0.015316,1.549366,14.602242,-0.082294,0.780209,14.823938,-0.121525,1.510302,14.436768,-0.185051,3.253126,14.400423,-0.490086,2.447905,14.474272,-0.363193,2.466389,14.458228,-0.195839,3.274990,14.389427,-0.322727,2.410095,14.290303,-0.291187,3.372440,14.204372,-0.433086,-2.149879,13.432199,-0.061237,-2.501074,13.394361,0.397831,-2.811253,13.798231,0.462254,-2.201735,13.863878,-0.334042,-1.402767,13.848320,0.276474,-2.012686,13.782676,1.072540,-2.041388,13.385430,0.748764,-1.690115,13.423238,0.290257,-2.091211,13.247283,0.333843,-2.726328,14.149551,0.471302,-2.198616,14.206400,-0.218357,-1.506767,14.192939,0.310162,-2.034552,14.136100,0.999554,-2.346996,14.321424,0.430653,-2.151091,14.342535,0.174458,-1.894781,14.337533,0.370537,-2.090740,14.316451,0.626171,-2.152592,14.699023,0.258980,-2.294430,14.683751,0.444222,-2.109009,14.680140,0.585884,-1.967163,14.695395,0.400921,-2.167944,14.283350,0.029522,-2.486120,14.249092,0.445057,-2.070185,14.240993,0.762837,-1.751953,14.275217,0.347923,-2.216074,14.678477,0.523266,-2.245993,15.070935,0.569637,-2.273661,15.082823,0.363716,-2.238562,14.688138,0.355908,-2.042118,15.091063,0.333080,-2.050381,14.694836,0.331009,-2.014452,15.079176,0.539002,-2.027895,14.685174,0.498371,-2.333822,15.702165,0.690446,-2.380583,15.722256,0.342439,-1.989309,15.736177,0.290670,-1.942551,15.716086,0.638681,-0.272919,15.602308,0.323609,0.494129,14.979483,0.182476,0.472263,14.990477,0.015118,-0.294785,15.613303,0.156247,0.383722,14.823193,0.101166,-0.356356,15.443316,0.238599,-2.045897,15.541660,0.551266,-1.200071,15.784161,0.456689,-1.221935,15.795155,0.289331,-2.067764,15.552656,0.383905,-1.220627,15.607720,0.362313,-2.177433,15.362219,0.471195,1.056273,14.313965,0.370586,0.122572,14.427224,0.494946,0.006414,14.500387,-0.443798,0.940119,14.387131,-0.568157,-0.095287,15.557140,-0.451936,1.146875,15.448984,-0.598660,0.062731,15.484506,0.655631,1.304893,15.376352,0.508906,0.683590,1.117129,-0.683596,-0.683567,1.117129,-0.683596,-0.529118,2.429176,-0.529135,0.529110,2.429176,-0.529135,0.529110,2.429174,0.529135,-0.529118,2.429174,0.529135,-0.683567,1.117129,0.683596,0.683590,1.117129,0.683596,0.301510,2.605045,0.301516,0.301510,2.605045,-0.301516,0.312704,5.776952,-0.301515,0.312704,5.776952,0.301517,-0.416241,5.776952,0.301517,-0.301517,2.605045,0.301516,-0.301517,2.605045,-0.301516,-0.416241,5.776952,-0.301515,0.990023,15.820267,-0.392970,0.265345,15.913857,-0.296355,0.355139,15.856313,0.432981,1.079826,15.762724,0.336364,0.843271,14.880661,-0.345291,0.245623,14.895298,-0.266247,0.921230,14.841464,0.251396,0.323580,14.856102,0.330441,0.546989,8.243170,0.393924,0.595348,8.177161,-0.125028,0.218361,11.024529,-0.394291,0.334028,11.044460,0.176792,-0.382496,11.252409,0.249840,-0.115036,8.112666,0.348834,-0.066675,8.046658,-0.170117,-0.470308,11.327295,-0.321239],
    
    "morphTargets": [],
    
    "morphColors": [],
    
    "normals": [],
    
    "colors": [],
    
    "uvs": [[0.92285,0.82617,0.91629,0.82617,0.92283,0.822,0.9032,0.81139,0.90975,0.81139,0.9032,0.822,0.91629,0.81139,0.90975,0.822,0.92283,0.81139,0.89666,0.81139,0.89824,0.83639,0.92266,0.83639,0.92266,0.84355,0.92267,0.84347,0.89824,0.84347,0.92267,0.83542,0.89631,0.83624,0.923,0.83624,0.89631,0.8434,0.923,0.84362,0.89631,0.84362,0.923,0.83558,0.89658,0.83692,0.91768,0.83329,0.9178,0.84484,0.89663,0.8356,0.91787,0.83338,0.91782,0.84657,0.89662,0.83652,0.91779,0.83385,0.89663,0.84338,0.89667,0.83598,0.91787,0.83311,0.91789,0.84611,0.91053,0.82196,0.90126,0.82179,0.90126,0.8101,0.91629,0.822,0.89666,0.822,0.89824,0.84355,0.89598,0.83542,0.89858,0.83558,0.89663,0.83624,0.91783,0.83327,0.89664,0.84319,0.89666,0.83677,0.91783,0.83303,0.91794,0.84602,0.89665,0.83662,0.91771,0.83391,0.89666,0.84323,0.91787,0.83312,0.91053,0.8101,0.90047,0.80907,0.92142,0.80907,0.90047,0.83002,0.8973,0.80744,0.92502,0.80706,0.92463,0.83181,0.90983,0.81087,0.90982,0.82103,0.89967,0.81086,0.923,0.8434,0.89662,0.84375,0.89662,0.8434,0.91782,0.84544,0.89668,0.84366,0.91789,0.84501,0.89669,0.84446,0.91775,0.84506,0.92142,0.83002,0.89691,0.8322,0.89966,0.82103,0.88228,0.91151,0.90426,0.91512,0.90426,0.92761,0.95543,0.9347,0.92479,0.9268,0.95306,0.91268,0.90423,0.89559,0.92621,0.91147,0.85368,0.91277,0.88373,0.92683,0.88548,0.93624,0.85264,0.93475,0.95504,0.94867,0.92305,0.93622,0.90426,0.93537,0.88906,0.95049,0.85398,0.94869,0.87545,0.95206,0.93307,0.95205,0.91946,0.95048,0.90429,0.95013,0.92807,0.87757,0.88037,0.87762,0.91652,0.71435,0.91654,0.75403,0.90958,0.75402,0.90961,0.71449,0.90159,0.71461,0.92454,0.71465,0.92506,0.75456,0.91662,0.6413,0.91653,0.67645,0.9095,0.64129,0.90959,0.67636,0.90159,0.6759,0.92371,0.63442,0.92453,0.67587,0.90106,0.75455,0.91102,0.85454,0.9207,0.85454,0.9214,0.87219,0.90182,0.87253,0.88978,0.87237,0.89167,0.85454,0.93038,0.85454,0.93147,0.87247,0.90134,0.85454,0.91045,0.87233,0.87643,0.48677,0.90956,0.48377,0.88838,0.51988,0.95171,0.53265,0.93065,0.5205,0.97633,0.504,0.94243,0.48712,0.90949,0.51779,0.84246,0.50402,0.86716,0.53305,0.87827,0.53347,0.89224,0.52857,0.89323,0.59366,0.94044,0.59363,0.92396,0.59323,0.92646,0.52848,0.90947,0.52722,0.91004,0.59298,0.94094,0.5342,0.90301,0.81477,0.92202,0.81476,0.90366,0.83133,0.89654,0.80042,0.89601,0.77814,0.90947,0.77665,0.883,0.77715,0.87926,0.7987,0.92317,0.77636,0.93635,0.77768,0.92145,0.79859,0.91036,0.79893,0.8783,0.65068,0.89192,0.64904,0.88326,0.70766,0.93865,0.70716,0.92319,0.71192,0.92518,0.64747,0.91045,0.64612,0.91102,0.71164,0.89567,0.7069,0.87917,0.59371,0.94265,0.65068,0.90241,0.63442,0.92028,0.83133,0.93683,0.79973]],