    {
    
    "metadata" :
    {
    "formatVersion" : 3.1,
    "sourceFile"    : "bullet.obj",
    "generatedBy"   : "OBJConverter",
    "vertices"      : 91,
    "faces"         : 178,
    "normals"       : 0,
    "colors"        : 0,
    "uvs"           : 120,
    "materials"     : 1
    },
    
    "scale" : 1.000000,
    
    "materials": [	{
	"DbgColor" : 15658734,
	"DbgIndex" : 0,
	"DbgName" : "pasted__lambert4SG",
	"colorAmbient" : [0.0, 0.0, 0.0],
	"colorDiffuse" : [0.57599999999999996, 0.45600000000000002, 0.14399999999999999],
	"colorSpecular" : [0.25, 0.25, 0.25],
	"illumination" : 2,
	"opticalDensity" : 1.0,
	"specularCoef" : 96.078431,
	"transparency" : 0.0
	}],
    
    "vertices": [0.061672,0.084884,0.293774,0.099787,0.032423,0.293774,0.099786,0.032423,0.284758,0.061672,0.084884,0.284757,0.099787,-0.032422,0.293774,0.099786,-0.032422,0.284758,0.061671,-0.084884,0.293774,0.061672,-0.084884,0.284758,0.000000,-0.104921,0.293774,0.000000,-0.104921,0.284758,-0.061672,-0.084884,0.293774,-0.061672,-0.084884,0.284758,-0.099787,-0.032422,0.293774,-0.099787,-0.032422,0.284758,-0.099787,0.032423,0.293774,-0.099787,0.032423,0.284758,-0.061672,0.084884,0.293774,-0.061672,0.084884,0.284758,0.000000,0.104922,0.293774,0.000000,0.104922,0.284758,0.022409,0.032498,-0.280336,0.036259,0.013436,-0.280336,0.000000,0.000000,-0.296230,0.036259,-0.010126,-0.280336,0.022409,-0.029188,-0.280336,0.000000,-0.036469,-0.280336,-0.022409,-0.029188,-0.280336,-0.036259,-0.010126,-0.280336,-0.036259,0.013436,-0.280336,-0.022409,0.032498,-0.280336,0.000000,0.039780,-0.280336,-0.099787,0.032423,-0.085188,-0.061672,0.084884,-0.085188,-0.054819,0.075452,-0.091021,-0.088699,0.028820,-0.091021,-0.099786,-0.032422,-0.085188,-0.088699,-0.028820,-0.091021,-0.061672,-0.084884,-0.085188,-0.054819,-0.075452,-0.091021,0.000000,-0.104921,-0.085188,0.000000,-0.093264,-0.091021,0.061672,-0.084884,-0.085188,0.054819,-0.075452,-0.091021,0.099786,-0.032422,-0.085188,0.088699,-0.028820,-0.091021,0.099786,0.032423,-0.085188,0.088699,0.028820,-0.091021,0.061672,0.084884,-0.085188,0.054819,0.075452,-0.091021,0.000000,0.104922,-0.085188,0.000000,0.093264,-0.091021,-0.088699,0.028820,-0.183953,-0.054819,0.075452,-0.183953,-0.042375,0.059122,-0.233394,-0.068565,0.023076,-0.233394,-0.088699,-0.028820,-0.183953,-0.068565,-0.021481,-0.233394,-0.054819,-0.075452,-0.183953,-0.042376,-0.057528,-0.233393,0.000000,-0.093264,-0.183953,0.000000,-0.071296,-0.233394,0.054819,-0.075452,-0.183953,0.042375,-0.057528,-0.233393,0.088699,-0.028820,-0.183953,0.068564,-0.021481,-0.233394,0.088699,0.028820,-0.183953,0.068564,0.023076,-0.233394,0.054819,0.075452,-0.183953,0.042375,0.059122,-0.233393,0.000000,0.093264,-0.183953,0.000000,0.072891,-0.233394,-0.061672,0.084884,0.252695,0.000000,0.104922,0.252695,-0.099787,0.032423,0.252695,-0.099786,-0.032422,0.252695,-0.061672,-0.084884,0.252695,0.000000,-0.104921,0.252695,0.061672,-0.084884,0.252695,0.099786,-0.032422,0.252695,0.099786,0.032423,0.252695,0.061672,0.084884,0.252694,-0.057357,0.078945,0.269562,0.000000,0.097582,0.269562,-0.092805,0.030154,0.269562,-0.092805,-0.030154,0.269562,-0.057357,-0.078945,0.269562,0.000000,-0.097581,0.269562,0.057357,-0.078945,0.269562,0.092805,-0.030154,0.269563,0.092805,0.030154,0.269562,0.057357,0.078945,0.269562],
    
    "morphTargets": [],
    
    "morphColors": [],
    
    "normals": [],
    
    "colors": [],
    
    "uvs": [[0.375,0.3125,0.4,0.3125,0.4,0.31928,0.425,0.3125,0.425,0.31928,0.45,0.3125,0.45,0.31928,0.475,0.3125,0.475,0.31928,0.5,0.3125,0.525,0.3125,0.5,0.31928,0.55,0.3125,0.525,0.31928,0.575,0.3125,0.55,0.31928,0.6,0.3125,0.575,0.31928,0.625,0.3125,0.6,0.31928,0.62641,0.24809,0.54828,0.30485,0.65625,0.15625,0.37359,0.24809,0.45172,0.30485,0.37359,0.064409,0.34375,0.15625,0.54828,0.007647,0.45172,0.007647,0.62641,0.064409,0.62641,0.93559,0.54828,0.99235,0.5,0.8375,0.45172,0.99235,0.37359,0.93559,0.34375,0.84375,0.37359,0.75191,0.45172,0.69515,0.54828,0.69515,0.62641,0.75191,0.65625,0.84375,0.55,0.5912,0.575,0.5912,0.55,0.60182,0.525,0.5912,0.525,0.60182,0.5,0.5912,0.475,0.5912,0.475,0.60182,0.45,0.5912,0.45,0.60182,0.425,0.5912,0.4,0.5912,0.4,0.60182,0.375,0.5912,0.375,0.60182,0.6,0.5912,0.625,0.5912,0.625,0.60182,0.6,0.60182,0.55,0.66026,0.575,0.66026,0.575,0.67384,0.525,0.66026,0.55,0.67384,0.5,0.66026,0.525,0.67384,0.475,0.66026,0.5,0.67384,0.45,0.66026,0.475,0.67384,0.425,0.66026,0.45,0.67384,0.4,0.66026,0.425,0.67384,0.375,0.66026,0.4,0.67384,0.6,0.66026,0.625,0.66026,0.625,0.67384,0.6,0.67384,0.575,0.60182,0.5,0.60182,0.425,0.60182,0.6,0.68844,0.575,0.68844,0.55,0.68844,0.525,0.68844,0.5,0.68844,0.475,0.68844,0.45,0.68844,0.425,0.68844,0.375,0.67384,0.4,0.68844,0.625,0.68844,0.575,0.33705,0.6,0.33705,0.55,0.33705,0.525,0.33705,0.5,0.33705,0.475,0.33705,0.45,0.33705,0.425,0.33705,0.4,0.33705,0.375,0.33705,0.625,0.33705,0.575,0.325,0.6,0.325,0.55,0.325,0.525,0.325,0.5,0.325,0.475,0.325,0.45,0.325,0.425,0.325,0.4,0.325,0.375,0.325,0.625,0.325,0.375,0.31928,0.625,0.31928,0.375,0.68844]],