    {
    
    "metadata" :
    {
    "formatVersion" : 3.1,
    "sourceFile"    : "explosion.obj",
    "generatedBy"   : "OBJConverter",
    "vertices"      : 8,
    "faces"         : 12,
    "normals"       : 0,
    "colors"        : 0,
    "uvs"           : 4,
    "materials"     : 1
    },
    
    "scale" : 1.000000,
    
    "materials": [	{
	"DbgColor" : 15658734,
	"DbgIndex" : 0,
	"DbgName" : "pasted__lambert5SG.001",
    "mapDiffuse" : "blast_01.png",
	"colorAmbient" : [1.0, 1.0, 1.0],
	"colorDiffuse" : [0.0, 0.0, 0.0],
	"colorSpecular" : [0.5, 0.5, 0.5],
	"illumination" : 2,
	"opticalDensity" : 1.0,
	"specularCoef" : 96.078431,
	"transparency" : 0.0
	}],
    
    "vertices": [-4.550459,0.000000,-0.061644,4.550459,0.000000,-0.061644,4.550459,9.100918,-0.061643,-4.550459,9.100918,-0.061643,-4.550459,-0.000000,0.061644,-4.550459,9.100918,0.061645,4.550459,9.100918,0.061645,4.550459,-0.000000,0.061644],
    
    "morphTargets": [],
    
    "morphColors": [],
    
    "normals": [],
    
    "colors": [],
    
    "uvs": [[0,0,1,0,1,1,0,1]],
    
    "faces": [10,0,1,2,0,0,1,2,10,4,5,7,0,0,3,1,10,1,0,4,0,1,0,0,10,7,6,1,0,1,2,1,10,6,5,3,0,2,3,3,10,0,3,5,0,0,3,3,10,3,0,2,0,3,0,2,10,5,6,7,0,3,2,1,10,7,1,4,0,1,1,0,10,6,2,1,0,2,2,1,10,2,6,3,0,2,2,3,10,4,0,5,0,0,0,3]
    
    }
    