    {
    
    "metadata" :
    {
    "formatVersion" : 3.1,
    "sourceFile"    : "cityLine.obj",
    "generatedBy"   : "OBJConverter",
    "vertices"      : 78,
    "faces"         : 82,
    "normals"       : 25,
    "colors"        : 0,
    "uvs"           : 42,
    "materials"     : 1
    },
    
    "scale" : 1.000000,
    
    "materials": [	{
	"DbgColor" : 15658734,
	"DbgIndex" : 0,
	"DbgName" : "initialShadingGroup.006",
	"colorAmbient" : [0.0, 0.0, 0.0],
	"colorDiffuse" : [0.32000000000000001, 0.32000000000000001, 0.32000000000000001],
	"colorSpecular" : [0.5, 0.5, 0.5],
	"illumination" : 2,
	"opticalDensity" : 1.0,
	"specularCoef" : 92.156863,
	"transparency" : 0.0
	}],
    
    "vertices": [-46.994965,0.433664,-72.332382,-140.433929,0.433664,-72.332382,-46.994965,114.728645,-72.332352,-140.433929,114.728645,-72.332352,-46.994965,114.728615,-20.366829,-140.433929,114.728615,-20.366829,-140.433929,0.433646,-20.366867,-46.994965,0.433646,-20.366867,24.356297,0.433664,-72.332382,-46.508801,0.433664,-72.332382,24.356297,73.021126,-72.332352,-46.508801,73.021126,-72.332352,24.356297,73.021095,-20.366844,-46.508801,73.021095,-20.366844,-46.508801,0.433646,-20.366867,81.615089,0.433664,-72.332382,25.263351,0.433664,-72.332382,81.615089,91.911102,-72.332352,25.263351,91.911102,-72.332352,81.615089,91.911072,-20.366837,25.263351,91.911072,-20.366837,25.263351,0.433646,-20.366867,81.615089,0.433646,-20.366867,159.222809,0.433664,-72.332382,88.357712,0.433664,-72.332382,159.222809,160.133865,-72.332336,88.357712,160.133865,-72.332336,159.222809,160.133835,-20.366814,88.357712,160.133835,-20.366814,88.357712,0.433646,-20.366867,159.222809,0.433646,-20.366867,-81.825768,0.433640,0.726669,-175.264740,0.433640,0.726669,-81.825768,205.936661,0.726737,-175.264740,205.936661,0.726737,-81.825768,205.936630,52.692253,-175.264740,205.936630,52.692253,-175.264740,0.433622,52.692184,-81.825768,0.433622,52.692184,24.356297,0.433634,20.366867,-29.622894,0.433634,20.366867,24.356297,122.810493,20.366905,-29.622894,146.634659,20.366917,24.356297,122.810463,72.332428,-29.622894,146.634628,72.332428,-81.283493,0.433634,20.366867,-81.283493,0.433616,72.332382,-81.283493,169.435471,20.366920,-81.283493,169.435440,72.332443,24.356297,0.433616,72.332382,-29.622894,174.225922,20.366924,-81.283493,197.026733,20.366932,-29.622894,174.225891,72.332443,-81.283493,197.026703,72.332443,25.263351,0.433636,11.295822,25.263351,139.946640,11.295868,102.472580,0.433636,11.295822,102.472580,183.359634,11.295881,102.472580,183.359604,63.261398,25.263351,139.946609,63.261383,25.263351,0.433620,63.261337,102.472580,0.433620,63.261337,175.264740,0.433640,2.306992,104.399651,0.433640,2.306992,175.264740,249.536484,2.307074,104.399651,249.536484,2.307074,175.264740,249.536453,54.272530,104.399651,249.536453,54.272530,104.399651,0.433622,54.272446,175.264740,0.433622,54.272446,-110.332458,205.936661,6.500417,-154.158600,205.936661,6.500417,-110.332458,294.005737,6.500447,-154.158600,294.005737,6.500447,-110.332458,294.005737,46.918663,-154.158600,294.005737,46.918663,-110.332458,205.936630,46.918633,-154.158600,205.936630,46.918633],
    
    "morphTargets": [],
    
    "morphColors": [],
    
    "normals": [0.70708,0,-0.70708,-0.70708,0,-0.70708,0.57735,0.57735,-0.57735,-0.57735,0.57735,-0.57735,0.70708,0.70708,0,-0.70708,0.70708,0,-0.99997,0,0,1,0,0,0,0,-1,0,0.70708,-0.70708,0,1,0,-1,0,0,0.66869,0.4358,-0.6024,0.43761,0.28519,-0.85272,0.83776,0.54598,0,-0.45286,0.69488,-0.55858,-0.54598,0.83776,0,-0.6845,0.4004,-0.60915,0.41996,0.71795,-0.55507,0.5049,0.86316,0,-0.86316,0.5049,0,0.57735,-0.57735,-0.57735,-0.57735,-0.57735,-0.57735,0.70708,-0.70708,0,-0.70708,-0.70708,0],
    
    "colors": [],
    
    "uvs": [[0.63407,0.013877,0.90063,0.013877,0.63407,0.33994,0.90063,0.33994,0.57277,0.91167,0.34489,0.91167,0.57277,0.74684,0.34489,0.74684,0.43052,0.013877,0.63268,0.013877,0.43052,0.22096,0.63268,0.22096,0.26717,0.013877,0.42793,0.013877,0.26717,0.27485,0.42793,0.27485,0.045765,0.013877,0.24793,0.013877,0.045765,0.46947,0.24793,0.46947,0.73343,0.013877,1,0.013877,0.73343,0.60014,1,0.60014,0.58451,0.013877,0.43052,0.363,0.58451,0.43096,0.73189,0.013877,0.73189,0.49601,0.58451,0.50968,0.73189,0.57472,0.42793,0.41188,0.20766,0.013877,0.20766,0.53573,0,0.013877,0.20217,0.013877,0,0.72452,0.20217,0.72452,0.81476,0.60014,0.93979,0.60014,0.81476,0.85139,0.93979,0.85139]],
    
    "faces": [42,0,1,2,0,0,1,2,0,1,2,42,2,1,3,0,2,1,3,2,1,3,42,2,3,4,0,4,5,6,2,3,4,42,4,3,5,0,6,5,7,4,3,5,42,1,6,3,0,1,1,3,1,6,3,42,3,6,5,0,3,1,3,3,6,5,42,7,0,4,0,0,0,2,7,0,4,42,4,0,2,0,2,0,2,4,0,2,42,8,9,10,0,8,9,10,8,1,9,42,10,9,11,0,10,9,11,9,1,3,42,10,11,12,0,4,5,6,9,3,10,42,12,11,13,0,6,5,7,10,3,5,42,9,14,11,0,9,9,11,1,11,3,42,11,14,13,0,11,9,11,3,11,5,42,15,16,17,0,12,13,14,0,1,2,42,17,16,18,0,14,13,15,2,1,3,42,17,18,19,0,4,5,6,2,3,4,42,19,18,20,0,6,5,7,4,3,5,42,16,21,18,0,13,13,15,1,6,3,42,18,21,20,0,15,13,15,3,6,5,42,22,15,19,0,12,12,14,7,0,4,42,19,15,17,0,14,12,14,4,0,2,42,23,24,25,0,16,17,18,0,1,2,42,25,24,26,0,18,17,19,2,1,3,42,25,26,27,0,4,5,6,2,3,4,42,27,26,28,0,6,5,7,4,3,5,42,24,29,26,0,17,17,19,1,11,3,42,26,29,28,0,19,17,19,3,11,5,42,30,23,27,0,16,16,18,7,0,4,42,27,23,25,0,18,16,18,4,0,2,42,31,32,33,0,20,21,22,0,1,2,42,33,32,34,0,22,21,23,2,1,3,42,33,34,35,0,4,5,6,2,3,4,42,35,34,36,0,6,5,7,4,3,5,42,32,37,34,0,21,21,23,1,11,3,42,34,37,36,0,23,21,23,3,11,5,42,38,31,35,0,20,20,22,7,0,4,42,35,31,33,0,22,20,22,4,0,2,42,39,40,41,0,8,24,25,0,8,12,42,41,40,42,0,25,24,26,12,8,13,42,41,42,43,0,4,5,6,12,13,14,42,43,42,44,0,6,5,7,14,13,14,42,45,46,47,0,27,27,28,1,11,1,42,47,46,48,0,28,27,28,1,11,11,42,49,39,43,0,8,8,25,7,0,14,42,43,39,41,0,25,8,25,14,0,12,42,50,51,52,0,4,5,6,12,15,14,42,52,51,53,0,6,5,7,14,15,16,42,40,45,42,0,24,27,26,8,1,13,42,42,45,47,0,26,27,28,13,1,1,42,42,47,50,0,26,28,29,13,1,12,42,50,47,51,0,29,28,30,12,1,15,42,47,48,51,0,28,28,30,1,11,15,42,51,48,53,0,30,28,30,15,11,16,42,44,42,52,0,26,26,29,14,13,14,42,52,42,50,0,29,26,29,14,13,12,42,54,55,56,0,13,31,32,1,17,0,42,56,55,57,0,32,31,33,0,17,18,42,57,55,58,0,4,5,6,18,17,19,42,58,55,59,0,6,5,7,19,17,20,42,54,60,55,0,13,13,31,1,11,17,42,55,60,59,0,31,13,31,17,11,20,42,61,56,58,0,32,32,33,7,0,19,42,58,56,57,0,33,32,33,19,0,18,42,62,63,64,0,34,35,36,0,1,2,42,64,63,65,0,36,35,37,2,1,3,42,64,65,66,0,4,5,6,2,3,4,42,66,65,67,0,6,5,7,4,3,5,42,63,68,65,0,35,35,37,1,6,3,42,65,68,67,0,37,35,37,3,6,5,42,69,62,66,0,34,34,36,7,0,4,42,66,62,64,0,36,34,36,4,0,2,42,70,71,72,0,38,39,40,21,22,2,42,72,71,73,0,40,39,41,2,22,3,42,72,73,74,0,4,5,6,2,3,4,42,74,73,75,0,6,5,7,4,3,5,42,76,77,70,0,38,39,38,23,24,21,42,70,77,71,0,38,39,39,21,24,22,42,71,77,73,0,39,39,41,22,24,3,42,73,77,75,0,41,39,41,3,24,5,42,76,70,74,0,38,38,40,23,21,4,42,74,70,72,0,40,38,40,4,21,2]
    
    }
    