    {
    
    "metadata" :
    {
    "formatVersion" : 3.1,
    "sourceFile"    : "dump.obj",
    "generatedBy"   : "OBJConverter",
    "vertices"      : 24,
    "faces"         : 38,
    "normals"       : 24,
    "colors"        : 0,
    "uvs"           : 24,
    "materials"     : 1
    },
    
    "scale" : 1.000000,
    
    "materials": [	{
	"DbgColor" : 15658734,
	"DbgIndex" : 0,
	"DbgName" : "initialShadingGroup.014",
	"colorAmbient" : [0.0, 0.0, 0.0],
	"colorDiffuse" : [0.32000000000000001, 0.32000000000000001, 0.32000000000000001],
	"colorSpecular" : [0.5, 0.5, 0.5],
	"illumination" : 2,
	"opticalDensity" : 1.0,
	"specularCoef" : 92.156863,
	"transparency" : 0.0
	}],
    
    "vertices": [0.586094,0.657663,15.548927,7.565365,0.480299,9.460670,1.240843,2.205022,11.176933,7.399942,1.815585,6.971622,6.487137,2.347784,3.644333,3.075623,3.581682,6.689363,-2.985672,3.098393,3.946409,-6.231165,2.283186,5.644238,-11.540878,1.065268,8.503475,3.302872,3.246583,3.217628,-4.136799,3.347203,-3.873501,1.158623,2.372280,1.246986,-0.445065,2.347900,-3.359962,-3.266415,2.480997,-7.356680,3.634121,2.499654,-5.141779,5.927149,-0.044912,-7.628250,-2.934555,1.228386,-7.747204,-9.678711,0.902660,-6.338390,-6.449924,2.634228,-2.775115,10.584482,0.222295,0.533257,7.407873,1.711757,-0.362728,-12.523663,1.521909,0.240257,-9.394920,3.450388,0.548098,-0.770874,-0.039228,-11.747562],
    
    "morphTargets": [],
    
    "morphColors": [],
    
    "normals": [0.029176,0.94818,0.31629,0.45772,0.80209,0.38356,0.063387,0.94464,0.32188,0.49483,0.84036,0.22117,0.3545,0.93402,-0.043428,0.27241,0.93268,0.23633,-0.04413,0.99857,0.02945,-0.10941,0.96222,0.24927,-0.17774,0.95852,0.22266,0.17093,0.92154,-0.34861,-0.10291,0.99246,-0.066347,0.066591,0.98111,-0.18158,0.13843,0.98993,-0.02942,-0.36769,0.62828,-0.6856,0.22083,0.944,-0.24503,0.34617,0.83114,-0.4351,-0.15146,0.75533,-0.63753,-0.19404,0.9208,-0.3383,-0.11371,0.97241,-0.20356,0.49864,0.86255,-0.085421,0.32694,0.93851,-0.11066,-0.51662,0.85186,-0.085849,-0.23866,0.96969,-0.052004,0.072604,0.96139,-0.26536],
    
    "colors": [],
    
    "uvs": [[0.89809,0.002323,0.96607,0.059053,0.90446,0.045012,0.95965,0.08468,0.95262,0.11472,0.91933,0.088018,0.86436,0.11224,0.83379,0.095941,0.78373,0.069075,0.92268,0.11759,0.85392,0.18495,0.90338,0.13814,0.88847,0.18039,0.86366,0.21315,0.92464,0.19531,0.94897,0.22246,0.8636,0.22518,0.80105,0.20963,0.83163,0.17565,0.99332,0.14428,0.96128,0.15213,0.77349,0.14707,0.80602,0.14377,0.88492,0.26078]],
    
    "faces": [42,0,1,2,0,0,1,2,0,1,2,42,2,1,3,0,2,1,3,2,1,3,42,2,4,5,0,2,4,5,2,4,5,42,6,7,5,0,6,7,5,6,7,5,42,5,7,2,0,5,7,2,5,7,2,42,8,0,7,0,8,0,7,8,0,7,42,7,0,2,0,7,0,2,7,0,2,42,5,4,9,0,5,4,9,5,4,9,42,10,11,12,0,10,11,12,10,11,12,42,9,6,5,0,9,6,5,9,6,5,42,10,12,13,0,10,12,13,10,12,13,42,13,12,14,0,13,12,14,13,12,14,42,14,15,13,0,14,15,13,14,15,13,42,13,15,16,0,13,15,16,13,15,16,42,17,18,16,0,17,18,16,17,18,16,42,16,18,13,0,16,18,13,16,18,13,42,18,10,13,0,18,10,13,18,10,13,42,15,14,19,0,15,14,19,15,14,19,42,19,14,20,0,19,14,20,19,14,20,42,14,12,20,0,14,12,20,14,12,20,42,20,12,11,0,20,12,11,20,12,11,42,20,4,3,0,20,4,3,20,4,3,42,1,19,3,0,1,19,3,1,19,3,42,3,19,20,0,3,19,20,3,19,20,42,21,8,22,0,21,8,22,21,8,22,42,22,8,7,0,22,8,7,22,8,7,42,7,6,22,0,7,6,22,7,6,22,42,6,18,22,0,6,18,22,6,18,22,42,11,10,18,0,11,10,18,11,10,18,42,18,17,22,0,18,17,22,18,17,22,42,22,17,21,0,22,17,21,22,17,21,42,9,4,11,0,9,4,11,9,4,11,42,11,6,9,0,11,6,9,11,6,9,42,18,6,11,0,18,6,11,18,6,11,42,11,4,20,0,11,4,20,11,4,20,42,3,4,2,0,3,4,2,3,4,2,42,16,15,23,0,16,15,23,16,15,23,42,17,16,23,0,17,16,23,17,16,23]
    
    }
    