    {
    
    "metadata" :
    {
    "formatVersion" : 3.1,
    "sourceFile"    : "giantPillar.obj",
    "generatedBy"   : "OBJConverter",
    "vertices"      : 74,
    "faces"         : 114,
    "normals"       : 74,
    "colors"        : 0,
    "uvs"           : 104,
    "materials"     : 1
    },
    
    "scale" : 1.000000,
    
    "materials": [	{
	"DbgColor" : 15658734,
	"DbgIndex" : 0,
	"DbgName" : "initialShadingGroup.004",
	"colorAmbient" : [0.0, 0.0, 0.0],
	"colorDiffuse" : [0.32000000000000001, 0.32000000000000001, 0.32000000000000001],
	"colorSpecular" : [0.5, 0.5, 0.5],
	"illumination" : 2,
	"opticalDensity" : 1.0,
	"specularCoef" : 92.156863,
	"transparency" : 0.0
	}],
    
    "vertices": [1.689487,135.736786,-4.644396,2.738117,17.697079,-9.103388,-3.018276,135.736786,-3.114611,-7.335934,17.697075,-5.830103,-3.570385,135.736786,-2.354814,-7.811184,17.697075,-5.176019,-3.570385,135.736786,2.595350,-7.811184,17.697075,5.416479,-3.018276,135.736786,3.355147,-7.335934,17.697071,6.070563,1.689487,135.736786,4.884932,2.738117,17.697071,9.343847,2.582813,135.736786,4.594496,3.507069,17.697071,9.094000,5.492390,135.736786,0.589888,9.733173,17.697075,0.524481,5.492390,135.736786,-0.349352,9.733173,17.697075,-0.284021,2.582813,135.736786,-4.353960,3.507069,17.697079,-8.853510,9.025654,12.667187,-6.316494,3.550236,12.667189,-10.294613,9.025654,17.362770,-6.316492,3.550236,17.362770,-10.294611,-3.217739,12.667189,-10.294613,-3.217739,17.362770,-10.294611,-8.693157,12.667187,-6.316494,-8.693157,17.362770,-6.316492,-10.784573,12.667185,0.120213,-10.784573,17.362766,0.120215,-8.693157,12.667183,6.556980,-8.693157,17.362762,6.556982,-3.217739,12.667181,10.535099,-3.217739,17.362762,10.535101,3.550236,12.667181,10.535099,3.550236,17.362762,10.535101,9.025654,12.667183,6.556980,9.025654,17.362762,6.556982,11.117069,12.667185,0.120213,11.117069,17.362766,0.120215,10.417591,17.697075,0.120215,8.459751,17.697079,-5.905328,8.459751,17.697071,6.145819,3.334095,17.697079,-9.629358,-3.001583,17.697079,-9.629358,-8.127254,17.697079,-5.905328,-10.085079,17.697075,0.120215,-8.127254,17.697071,6.145819,-3.001583,17.697071,9.869818,3.334095,17.697071,9.869818,-9.525524,12.093997,12.057316,-12.533337,0.839206,15.065125,9.525517,12.093997,12.057316,12.533344,0.839206,15.065125,-12.533337,0.839214,-15.065125,-9.525524,12.094005,-12.057277,12.533344,0.839214,-15.065125,9.525517,12.094005,-12.057277,12.057285,12.093997,9.525547,15.065121,0.839206,12.533356,12.057285,12.094005,-9.525509,15.065121,0.839214,-12.533356,-12.057293,12.094005,-9.525509,-15.065121,0.839214,-12.533356,-12.057293,12.093997,9.525547,-15.065121,0.839206,12.533356,-11.181606,12.672334,9.162846,-9.162792,12.672334,11.181614,-11.181606,12.672341,-9.162807,9.162785,12.672334,11.181614,11.181614,12.672334,9.162846,11.181614,12.672341,-9.162807,9.162785,12.672341,-11.181606,-9.162792,12.672341,-11.181606],
    
    "morphTargets": [],
    
    "morphColors": [],
    
    "normals": [-0.001251,0.65773,-0.75323,0.00174,0.037751,-0.99927,-0.44032,0.65862,-0.61016,-0.5898,0.040101,-0.80651,-0.71572,0.65914,-0.23075,-0.94952,0.041536,-0.31089,-0.71572,0.65914,0.23075,-0.94952,0.041536,0.31089,-0.44032,0.65862,0.61016,-0.5898,0.040101,0.80651,-0.001251,0.65773,0.75323,0.001709,0.037751,0.99927,0.44514,0.65688,0.60851,0.58486,0.035463,0.81033,0.71697,0.65636,0.23478,0.9512,0.033998,0.30668,0.71697,0.65636,-0.23478,0.9512,0.033998,-0.30668,0.44514,0.65688,-0.60851,0.58489,0.035463,-0.81033,0.80902,0,-0.58776,0.309,0,-0.95105,0.70492,0.49068,-0.51213,0.26923,0.49068,-0.82867,-0.309,0,-0.95105,-0.26923,0.49068,-0.82867,-0.80902,0,-0.58776,-0.70492,0.49068,-0.51213,-1,0,0,-0.87133,0.49068,0,-0.80902,0,0.58776,-0.70492,0.49068,0.51213,-0.309,0,0.95105,-0.26923,0.49068,0.82867,0.309,0,0.95105,0.26923,0.49068,0.82867,0.80902,0,0.58776,0.70492,0.49068,0.51213,1,0,0,0.87133,0.49068,0,0.26221,0.965,0,0.21213,0.965,-0.15412,0.21213,0.965,0.15412,0.081027,0.965,-0.24937,-0.081027,0.965,-0.24937,-0.21213,0.965,-0.15412,-0.26221,0.965,0,-0.21213,0.965,0.15412,-0.081027,0.965,0.24937,0.081027,0.965,0.24937,-0.28959,0.58858,0.75475,-0.38643,0.33311,0.86004,0.28959,0.58858,0.75475,0.38643,0.33311,0.86004,-0.38643,0.33311,-0.86004,-0.28959,0.58858,-0.75475,0.38643,0.33311,-0.86004,0.28959,0.58858,-0.75475,0.75475,0.58858,0.28959,0.86004,0.33311,0.38643,0.75475,0.58858,-0.28959,0.86004,0.33311,-0.38643,-0.75475,0.58858,-0.28959,-0.86004,0.33311,-0.38643,-0.75475,0.58858,0.28959,-0.86004,0.33311,0.38643,-0.30546,0.94375,0.1265,-0.1265,0.94375,0.30543,-0.30546,0.94375,-0.1265,0.1265,0.94375,0.30543,0.30546,0.94375,0.12653,0.30546,0.94375,-0.12653,0.1265,0.94375,-0.30546,-0.1265,0.94375,-0.30546],
    
    "colors": [],
    
    "uvs": [[0.29883,0.93784,0.37077,0.009011,0.33802,0.94152,0.45157,0.009011,0.11192,0.93984,0.011413,0.009011,0.15104,0.9366,0.088484,0.009011,0.15848,0.93617,0.094088,0.009011,0.19777,0.93485,0.17489,0.009011,0.20523,0.93476,0.181,0.009011,0.24458,0.93514,0.26956,0.009011,0.25205,0.93536,0.2761,0.009011,0.29138,0.93731,0.36466,0.009011,0.98421,0.86705,0.98421,0.91572,0.95044,0.86705,0.95044,0.91572,0.98421,0.9644,0.95044,0.9644,0.98421,0.47766,0.98421,0.52633,0.95044,0.47766,0.95044,0.52633,0.98421,0.575,0.95044,0.575,0.98421,0.62368,0.95044,0.62368,0.98421,0.67235,0.95044,0.67235,0.98421,0.72103,0.95044,0.72103,0.98421,0.7697,0.95044,0.7697,0.98421,0.81837,0.95044,0.81837,0.57642,0.3319,0.56528,0.36619,0.56528,0.2976,0.53612,0.38739,0.50003,0.38739,0.47086,0.36619,0.45972,0.3319,0.47087,0.2976,0.50004,0.27641,0.5361,0.27641,0.64834,0.84576,0.68343,0.97718,0.42608,0.84576,0.39098,0.97718,0.64881,0.84573,0.68397,0.9772,0.42609,0.84573,0.39093,0.9772,0.58085,0.33189,0.56887,0.36879,0.53749,0.3916,0.49866,0.3916,0.46728,0.36879,0.4553,0.33189,0.46729,0.295,0.49868,0.2722,0.53747,0.2722,0.56886,0.295,0.54757,0.38535,0.53499,0.39025,0.58022,0.338,0.4687,0.35973,0.47599,0.37108,0.47821,0.29146,0.47012,0.30222,0.54584,0.2783,0.53303,0.27413,0.58,0.32453,0.005809,0.009011,0.10451,0.94065,0.45618,0.68713,0.4691,0.67422,0.45618,0.80469,0.58658,0.67425,0.59949,0.68716,0.59949,0.80465,0.58658,0.81756,0.4691,0.81759,0.36111,0.97718,0.39065,0.97718,0.39621,0.84576,0.42574,0.84576,0.36145,0.97718,0.39654,0.84576,0.44948,0.68466,0.46663,0.66752,0.58906,0.66755,0.6062,0.68469,0.6062,0.80712,0.58906,0.82427,0.46663,0.82429,0.44948,0.80716]],