    {
    
    "metadata" :
    {
    "formatVersion" : 3.1,
    "sourceFile"    : "streetlamp.obj",
    "generatedBy"   : "OBJConverter",
    "vertices"      : 142,
    "faces"         : 220,
    "normals"       : 159,
    "colors"        : 0,
    "uvs"           : 166,
    "materials"     : 1
    },
    
    "scale" : 1.000000,
    
    "materials": [	{
	"DbgColor" : 15658734,
	"DbgIndex" : 0,
	"DbgName" : "initialShadingGroup",
	"colorAmbient" : [0.0, 0.0, 0.0],
	"colorDiffuse" : [0.40000000000000002, 0.40000000000000002, 0.40000000000000002],
	"colorSpecular" : [0.5, 0.5, 0.5],
	"illumination" : 2,
	"opticalDensity" : 1.0,
	"specularCoef" : 96.078431,
	"transparency" : 0.0
	}],
    
    "vertices": [3.146942,12.322063,-0.126163,3.499495,12.300669,-0.585224,3.853920,12.671706,-0.598732,3.242004,12.708873,0.197563,2.456879,12.857776,-0.412952,3.069191,12.820535,-1.209019,3.047768,12.386319,-0.936157,2.695148,12.407759,-0.477653,3.074757,12.194187,-0.541084,3.808962,13.028868,-0.565040,3.279167,13.061029,0.124626,2.599339,13.189954,-0.403900,3.129160,13.157768,-1.093288,3.450573,13.236309,-0.504948,3.253916,13.248231,-0.248760,3.002026,13.296021,-0.444832,3.198746,13.284047,-0.700466,3.296700,13.609857,-0.289047,3.439095,13.601212,-0.474285,3.256853,13.635763,-0.615944,3.114487,13.644430,-0.430988,3.261538,13.170403,-0.112087,3.580965,13.150995,-0.527622,3.172266,13.228504,-0.845405,2.852760,13.247965,-0.430488,3.362013,13.614436,-0.553646,3.442636,14.184490,-0.518299,3.463190,14.171206,-0.350944,3.382566,13.601151,-0.386291,3.284006,14.248871,-0.322773,3.195911,13.626009,-0.361393,3.263451,14.262156,-0.490127,3.175360,13.639292,-0.528751,3.436361,14.003711,-0.551571,3.596270,14.630922,-0.593990,3.639013,14.603295,-0.245979,3.461651,13.987364,-0.345653,3.250891,14.654981,-0.194206,3.231989,14.017945,-0.315021,3.208147,14.682606,-0.542221,3.206701,14.034290,-0.520939,1.536158,14.622847,-0.249649,0.680504,14.995834,-0.182674,0.702370,14.984840,-0.015316,1.549366,14.602242,-0.082294,0.780209,14.823938,-0.121525,1.510302,14.436768,-0.185051,3.253126,14.400423,-0.490086,2.447905,14.474272,-0.363193,2.466389,14.458228,-0.195839,3.274990,14.389427,-0.322727,2.410095,14.290303,-0.291187,3.372440,14.204372,-0.433086,-2.149879,13.432199,-0.061237,-2.501074,13.394361,0.397831,-2.811253,13.798231,0.462254,-2.201735,13.863878,-0.334042,-1.402767,13.848320,0.276474,-2.012686,13.782676,1.072540,-2.041388,13.385430,0.748764,-1.690115,13.423238,0.290257,-2.091211,13.247283,0.333843,-2.726328,14.149551,0.471302,-2.198616,14.206400,-0.218357,-1.506767,14.192939,0.310162,-2.034552,14.136100,0.999554,-2.346996,14.321424,0.430653,-2.151091,14.342535,0.174458,-1.894781,14.337533,0.370537,-2.090740,14.316451,0.626171,-2.152592,14.699023,0.258980,-2.294430,14.683751,0.444222,-2.109009,14.680140,0.585884,-1.967163,14.695395,0.400921,-2.167944,14.283350,0.029522,-2.486120,14.249092,0.445057,-2.070185,14.240993,0.762837,-1.751953,14.275217,0.347923,-2.216074,14.678477,0.523266,-2.245993,15.070935,0.569637,-2.273661,15.082823,0.363716,-2.238562,14.688138,0.355908,-2.042118,15.091063,0.333080,-2.050381,14.694836,0.331009,-2.014452,15.079176,0.539002,-2.027895,14.685174,0.498371,-2.333822,15.702165,0.690446,-2.380583,15.722256,0.342439,-1.989309,15.736177,0.290670,-1.942551,15.716086,0.638681,-0.272919,15.602308,0.323609,0.494129,14.979483,0.182476,0.472263,14.990477,0.015118,-0.294785,15.613303,0.156247,0.383722,14.823193,0.101166,-0.356356,15.443316,0.238599,-2.045897,15.541660,0.551266,-1.200071,15.784161,0.456689,-1.221935,15.795155,0.289331,-2.067764,15.552656,0.383905,-1.220627,15.607720,0.362313,-2.177433,15.362219,0.471195,1.056273,14.313965,0.370586,0.122572,14.427224,0.494946,0.006414,14.500387,-0.443798,0.940119,14.387131,-0.568157,-0.095287,15.557140,-0.451936,1.146875,15.448984,-0.598660,0.062731,15.484506,0.655631,1.304893,15.376352,0.508906,0.683590,1.117129,-0.683596,-0.683567,1.117129,-0.683596,-0.529118,2.429176,-0.529135,0.529110,2.429176,-0.529135,0.529110,2.429174,0.529135,-0.529118,2.429174,0.529135,-0.683567,1.117129,0.683596,0.683590,1.117129,0.683596,0.301510,2.605045,0.301516,0.301510,2.605045,-0.301516,0.312704,5.776952,-0.301515,0.312704,5.776952,0.301517,-0.416241,5.776952,0.301517,-0.301517,2.605045,0.301516,-0.301517,2.605045,-0.301516,-0.416241,5.776952,-0.301515,0.990023,15.820267,-0.392970,0.265345,15.913857,-0.296355,0.355139,15.856313,0.432981,1.079826,15.762724,0.336364,0.843271,14.880661,-0.345291,0.245623,14.895298,-0.266247,0.921230,14.841464,0.251396,0.323580,14.856102,0.330441,0.546989,8.243170,0.393924,0.595348,8.177161,-0.125028,0.218361,11.024529,-0.394291,0.334028,11.044460,0.176792,-0.382496,11.252409,0.249840,-0.115036,8.112666,0.348834,-0.066675,8.046658,-0.170117,-0.470308,11.327295,-0.321239],
    
    "morphTargets": [],
    
    "morphColors": [],