    {
    
    "metadata" :
    {
    "formatVersion" : 3.1,
    "sourceFile"    : "grenade.obj",
    "generatedBy"   : "OBJConverter",
    "vertices"      : 144,
    "faces"         : 280,
    "normals"       : 0,
    "colors"        : 0,
    "uvs"           : 189,
    "materials"     : 1
    },
    
    "scale" : 1.000000,
    
    "materials": [	{
	"DbgColor" : 15658734,
	"DbgIndex" : 0,
	"DbgName" : "pasted__Object001SG",
    "mapDiffuse":"Grenade.jpg",
	"colorAmbient" : [0.0, 0.0, 0.0],
	"colorDiffuse" : [0.176205, 0.176205, 0.176205],
	"colorSpecular" : [0.0, 0.0, 0.0],
	"illumination" : 2,
	"opticalDensity" : 1.0,
	"specularCoef" : 0.0,
	"transparency" : 0.0
	}],
    
    "vertices": [0.172359,-0.595353,0.249270,0.240941,-0.608680,0.159821,0.353919,-0.362594,0.144467,0.215045,-0.335577,0.325720,0.226432,-0.638731,0.051337,0.324459,-0.423463,-0.075228,0.137330,-0.667903,-0.012633,0.144023,-0.482528,-0.204732,0.025830,-0.679108,0.005384,-0.081749,-0.505224,-0.168281,-0.042753,-0.665782,0.094833,-0.220707,-0.478255,0.012832,-0.028243,-0.635731,0.203317,-0.191391,-0.417385,0.232614,0.060859,-0.606559,0.267287,-0.010872,-0.358271,0.362257,0.034263,0.421433,-0.002209,0.108449,0.407019,-0.098966,0.092754,0.374512,-0.216312,-0.003627,0.342957,-0.285508,-0.124235,0.330837,-0.266020,-0.198421,0.345252,-0.169263,-0.182726,0.377758,-0.051917,-0.086345,0.409313,0.017279,-0.250664,0.125553,0.075511,-0.081532,0.180928,0.196939,-0.278205,0.068511,-0.130412,-0.148023,0.043215,-0.300203,0.063625,0.064484,-0.334402,0.232757,0.119859,-0.212974,0.260298,0.176901,-0.007052,0.130116,0.202197,0.162740,-0.302910,0.058908,0.129788,-0.090517,0.128447,0.282274,-0.337496,-0.012725,-0.128806,-0.174015,-0.044491,-0.342028,0.091768,-0.017782,-0.384974,0.304162,0.051757,-0.232488,0.338748,0.123390,0.026107,0.175266,0.155156,0.239328,-0.276008,-0.179148,0.195377,-0.058747,-0.108016,0.351358,-0.311386,-0.252423,-0.069143,-0.144158,-0.284917,-0.287251,0.127716,-0.257596,-0.331181,0.344976,-0.186464,-0.175200,0.380355,-0.113189,0.089320,0.213127,-0.080695,0.307428,-0.159219,0.573880,-0.339744,-0.149313,0.504209,-0.321770,-0.261167,0.576938,0.021775,-0.266360,0.635093,-0.043433,0.002815,0.630073,0.082247,0.005330,0.689779,0.018806,0.073079,0.548973,-0.270825,0.063173,0.618643,-0.288799,0.092052,0.595476,-0.394510,0.106753,0.521959,-0.394087,-0.115639,0.477196,-0.445033,-0.130340,0.550713,-0.445455,-0.125621,0.330956,-0.272963,0.096771,0.375719,-0.222018,0.034947,0.429392,0.020093,-0.191509,0.383811,-0.031783,-0.136284,0.410238,-0.296081,-0.235657,0.484903,0.048089,0.052140,-0.430756,0.494707,-0.091986,-0.459765,0.461691,-0.084503,-0.466710,0.435128,0.059623,-0.437700,0.468144,0.004333,0.533208,0.103066,0.086108,0.455002,-0.245135,-0.246766,0.341507,0.208446,-0.008148,0.389536,0.263108,-0.232989,0.316466,0.170821,0.005181,0.364405,0.225381,-0.212851,0.078700,0.347128,0.002138,0.121973,0.396378,0.013610,0.109468,0.357852,-0.201616,0.066147,0.308548,-0.133936,-0.228583,0.389115,-0.143917,-0.219462,0.424090,0.022490,-0.185968,0.462211,0.032226,-0.195137,0.427179,0.054221,0.545262,0.076447,0.026086,0.597295,0.019925,0.030035,0.610015,0.026408,0.059719,0.555115,0.086043,0.100533,0.480942,0.096745,0.108582,0.487253,0.107459,0.152613,0.421571,0.075379,0.163531,0.424612,0.084916,0.196506,0.383057,0.018075,0.209842,0.383976,0.024455,0.220451,0.375719,-0.059813,0.235106,0.376233,-0.057723,0.218032,0.401523,-0.137415,0.232554,0.403459,-0.139599,0.189898,0.453557,-0.193937,0.202869,0.458358,-0.199235,0.143586,0.517875,-0.214234,0.154006,0.526220,-0.220651,0.091506,0.577247,-0.192868,0.099058,0.588862,-0.198108,0.047613,0.615761,-0.135564,0.052747,0.629498,-0.137647,0.023668,0.623099,-0.057676,0.027483,0.637240,-0.055469,0.017954,0.615940,0.032598,0.050146,0.556403,0.097272,0.103136,0.482809,0.120496,0.162726,0.414875,0.096050,0.212949,0.370806,0.030481,0.240348,0.362410,-0.058639,0.237580,0.391936,-0.147432,0.205389,0.451472,-0.212105,0.152398,0.525067,-0.235330,0.092807,0.593000,-0.210883,0.042584,0.637069,-0.145315,0.015186,0.645466,-0.056194,0.006538,0.606883,0.029942,0.038730,0.547346,0.094616,0.091721,0.473751,0.117840,0.151311,0.405818,0.093394,0.201535,0.361749,0.027826,0.228933,0.353353,-0.061295,0.226165,0.382878,-0.150087,0.193973,0.442415,-0.214761,0.140982,0.516010,-0.237986,0.081392,0.583943,-0.213539,0.031169,0.628012,-0.147971,0.003771,0.636408,-0.058850,0.011565,0.595359,0.022110,0.041249,0.540460,0.081746,0.090112,0.472598,0.103161,0.145061,0.409957,0.080619,0.191372,0.369320,0.020158,0.216636,0.361578,-0.062020,0.214084,0.388804,-0.143897,0.184399,0.443703,-0.203532,0.135536,0.511565,-0.224948,0.080588,0.574206,-0.202405,0.034277,0.614843,-0.141945,0.009013,0.622585,-0.059766],
    
    "morphTargets": [],
    
    "morphColors": [],
    
    "normals": [],
    
    "colors": [],
    
    "uvs": [[0.52045,0.47442,0.55338,0.47442,0.55338,0.56863,-0.16862,0.74823,-0.068205,0.74823,0.38014,0.74998,0.38117,0.81516,0.29034,0.74417,0.92001,0.25236,0.91163,0.25196,0.70186,0.69543,0.70186,0.67661,0.66114,0.69543,0.61075,0.47442,0.61075,0.56863,0.65438,0.67661,0.41257,0.81466,-0.025894,0.78093,0.40102,0.75016,0.40112,0.82245,0.47383,0.82096,0.73786,0.27929,0.80117,0.27929,0.76951,0.2924,0.80117,0.082333,0.76951,0.095444,0.81428,0.050681,0.52045,0.56863,0.29159,0.8238,0.41154,0.74948,0.47374,0.74922,0.76951,0.20287,0.80117,0.21599,0.73786,0.21599,0.81428,0.24764,0.72475,0.24764,0.73786,0.082333,0.72475,0.050681,0.73786,0.019029,0.76951,0.005918,0.80117,0.019029,0.56191,0.026758,0.61902,0.026758,0.61726,0.11771,0.67614,0.026758,0.67487,0.11771,0.21923,0.026758,0.27634,0.026758,0.27634,0.11771,0.33346,0.026758,0.33472,0.11771,0.39057,0.026758,0.39233,0.11771,0.44768,0.026758,0.44891,0.11771,0.5048,0.026758,0.5048,0.11771,0.56068,0.11771,0.44768,0.34777,0.5048,0.34777,0.44768,0.45482,0.39057,0.34777,0.39057,0.45482,0.33346,0.34777,0.27634,0.34777,0.27634,0.45482,0.21923,0.34777,0.21923,0.45482,0.61902,0.34777,0.67614,0.34777,0.67614,0.45482,0.56191,0.34777,0.56191,0.45482,0.44768,0.31931,0.5048,0.31931,0.39057,0.31931,0.33346,0.31931,0.27634,0.31931,0.21923,0.31931,0.61902,0.31931,0.67614,0.31931,0.56191,0.31931,0.44768,0.21871,0.5048,0.21871,0.39057,0.21871,0.33346,0.21871,0.27634,0.21871,0.21923,0.21871,0.61902,0.21871,0.67614,0.21871,0.56191,0.21871,0.21796,0.11771,0.83571,0.67661,0.33891,0.7443,0.36826,0.74657,0.36836,0.82609,0.8182,0.69543,0.70239,0.63919,0.83543,0.63919,0.65392,0.47442,0.79628,0.60893,0.65392,0.56863,0.6905,0.56863,0.70336,0.60893,0.47285,0.74914,0.89762,0.57095,0.88403,0.56492,0.47295,0.82102,0.57726,0.7526,0.92163,0.45585,0.57419,0.75261,0.93515,0.45731,0.92061,0.34161,0.57734,0.81736,0.6817,0.81005,0.93117,0.34213,0.57427,0.81743,0.67825,0.81005,0.68164,0.75992,0.76131,0.80672,0.67818,0.76,0.75869,0.80675,0.04811,0.78765,0.019928,0.82147,0.016519,0.81777,0.086533,0.77558,0.086793,0.76936,0.1249,0.78851,0.12728,0.78299,0.15294,0.82295,0.15686,0.81934,0.16313,0.8697,0.16761,0.86865,0.15274,0.91621,0.12456,0.95003,0.12691,0.95341,0.086134,0.9621,0.047764,0.94917,0.086372,0.96614,0.019728,0.91473,0.016308,0.91617,0.00954,0.86798,0.005558,0.86685,0.046253,0.78209,0.010505,0.81397,0.086716,0.76146,0.13062,0.77625,0.1627,0.81566,0.17436,0.86915,0.15665,0.91773,0.16247,0.92237,0.086259,0.97487,0.045888,0.95251,0.042355,0.96009,0.010277,0.92067,0.042751,0.77527,0.010198,0.81531,0.042444,0.77662,0.086409,0.76281,0.16239,0.81701,0.17405,0.87049,0.16216,0.92371,0.13022,0.96106,0.12992,0.96241,0.042048,0.96143,0.009969,0.92202,-0.001381,0.86719,0.045755,0.78427,0.086296,0.77154,0.13031,0.7776,0.15636,0.82152,0.16711,0.87083,0.15615,0.91991,0.12641,0.95559,0.085951,0.97622,0.085874,0.96832,0.04539,0.95469,-0.001689,0.86853,0.005061,0.86903,0.016021,0.81995,0.12678,0.78517,0.01581,0.91834,0.5048,0.45482,0.33346,0.45482,0.61902,0.45482,0.33902,0.82614,0.6905,0.47442,0.76125,0.76331,0.75863,0.76333]],