    {
    
    "metadata" :
    {
    "formatVersion" : 3.1,
    "sourceFile"    : "brokenPillar.obj",
    "generatedBy"   : "OBJConverter",
    "vertices"      : 114,
    "faces"         : 186,
    "normals"       : 0,
    "colors"        : 0,
    "uvs"           : 185,
    "materials"     : 1
    },
    
    "scale" : 1.000000,
    
    "materials": [	{
	"DbgColor" : 15658734,
	"DbgIndex" : 0,
	"DbgName" : "lambert5SG",
	"colorAmbient" : [0.0, 0.0, 0.0],
	"colorDiffuse" : [0.40000000000000002, 0.40000000000000002, 0.40000000000000002],
	"colorSpecular" : [0.5, 0.5, 0.5],
	"illumination" : 2,
	"opticalDensity" : 1.0,
	"specularCoef" : 96.078431,
	"transparency" : 0.0
	}],
    
    "vertices": [-55.736328,9.514831,22.759859,-55.896484,8.732366,22.634035,-53.666649,12.246140,25.292299,-54.816200,4.363957,24.667480,-55.192505,4.791423,24.093567,-51.918739,5.177876,28.582428,-52.311424,4.659634,28.101929,-51.208244,10.049350,28.968599,-51.074669,9.301559,29.245546,-53.191383,12.302243,25.943941,-11.890791,7.790157,-11.460021,-11.078554,4.755808,-9.037078,-10.599240,2.222371,-8.548187,-6.662806,2.687048,-3.150696,-6.599039,4.192693,-0.803954,-8.119183,8.217686,1.120729,-7.447472,10.858028,-0.568754,-8.862434,14.007705,-5.492764,-8.807351,14.135062,-7.586607,-11.580185,10.766102,-10.766844,25.468254,39.658844,-5.545739,31.102180,33.331623,-8.298487,24.956894,40.233101,-5.795557,33.245514,34.625584,-9.054712,25.648956,39.824028,-14.442071,21.676523,44.107670,-12.057152,23.045485,46.178444,-14.464439,27.038795,41.693722,-21.921043,26.527435,42.267986,-21.671135,32.672722,35.366501,-19.168299,33.245514,34.625587,-17.962702,-7.307908,6.054894,-7.697631,-10.102261,9.296101,-12.791502,-9.362087,10.415741,-14.464476,-6.458740,7.155124,-20.069334,-1.691616,1.774993,-17.624939,-2.034620,0.799545,-11.093384,-2.768219,0.956582,-8.110046,-8.007347,6.959279,-4.433257,49.857018,12.667189,-20.496916,44.381599,12.667189,-24.475035,44.381599,17.362770,-24.475035,49.857018,17.362770,-20.496916,37.613625,12.667189,-24.475035,37.613625,17.362770,-24.475035,32.138206,12.667189,-20.496916,32.138206,17.362770,-20.496916,30.046791,12.667187,-14.060209,30.046791,17.362768,-14.060208,32.138206,12.667186,-7.623442,32.138206,17.362768,-7.623441,37.613625,12.667186,-3.645323,37.613625,17.362766,-3.645322,44.381599,12.667186,-3.645323,44.381599,17.362766,-3.645322,49.857018,12.667186,-7.623442,49.857018,17.362768,-7.623441,51.948433,12.667187,-14.060209,51.948433,17.362768,-14.060208,51.248955,17.697077,-14.060208,49.291115,17.697079,-20.085751,49.291115,17.697077,-8.034604,44.165459,17.697079,-23.809780,37.829781,17.697079,-23.809780,32.704109,17.697079,-20.085751,30.746284,17.697077,-14.060208,32.704109,17.697077,-8.034604,37.829781,17.697075,-4.310605,44.165459,17.697075,-4.310605,31.305840,12.094001,-2.123106,28.298027,0.839210,0.884705,53.364708,0.839210,0.884705,50.356880,12.094001,-2.123106,28.298027,0.839215,-29.245544,31.305840,12.094005,-26.237700,50.356880,12.094005,-26.237700,53.364708,0.839215,-29.245544,52.888649,12.094002,-4.654875,55.896484,0.839210,-1.647064,55.896484,0.839214,-26.713776,52.888649,12.094005,-23.705931,28.774071,12.094005,-23.705931,25.766243,0.839214,-26.713776,25.766243,0.839210,-1.647064,28.774071,12.094002,-4.654875,29.649757,12.672338,-5.017576,31.668571,12.672338,-2.998808,29.649757,12.672341,-23.343229,49.994148,12.672338,-2.998808,52.012978,12.672338,-5.017576,52.012978,12.672341,-23.343229,49.994148,12.672341,-25.362028,31.668571,12.672341,-25.362028,48.653694,46.593254,-15.377647,50.564537,17.697077,-14.464444,44.338432,17.697079,-23.033932,44.111984,46.617203,-21.931541,43.569481,17.697079,-23.283810,43.312565,46.617203,-22.191338,34.553268,46.617203,-19.345238,33.495430,17.697079,-20.010525,33.020180,17.697079,-19.356441,34.059189,46.617203,-18.665245,34.252747,46.689228,-9.875298,33.020180,17.697077,-8.763944,33.495430,17.697077,-8.109860,35.826454,46.545170,-8.355035,42.809479,46.182850,-6.570702,43.569481,17.697075,-4.836575,44.338432,17.697075,-5.086423,44.615070,47.051548,-6.868401,48.892105,46.641151,-12.742699,50.564537,17.697077,-13.655942,39.757259,45.301563,-14.060173],
    
    "morphTargets": [],
    
    "morphColors": [],
    
    "normals": [],
    
    "colors": [],
    
    "uvs": [[0.74477,0.95366,0.71442,0.9548,0.67579,0.56405,0.72156,0.56514,0.75074,0.9533,0.78126,0.9512,0.78548,0.57203,0.7872,0.9508,0.81832,0.94842,0.81383,0.58911,0.83343,0.57905,0.82426,0.94798,0.8552,0.94795,0.88556,0.56087,0.86099,0.9483,0.89121,0.95176,0.4317,0.50493,0.497,0.44028,0.43024,0.51307,0.51177,0.44276,0.51177,0.54577,0.46212,0.58797,0.48624,0.60786,0.58173,0.58709,0.5758,0.59296,0.59782,0.49738,0.59138,0.48329,0.75878,0.56773,0.75606,0.23905,0.81266,0.23597,0.83042,0.21926,0.80545,0.5663,0.86761,0.56317,0.81766,0.55759,0.89405,0.22449,0.89971,0.22524,0.92048,0.57292,0.96289,0.23528,0.61181,0.23339,0.62244,0.23342,0.64385,0.56641,0.68975,0.57025,0.68259,0.22932,0.69,0.24623,0.71117,0.57208,0.75044,0.23952,0.70861,0.95523,0.6546,0.56713,0.51735,0.54483,0.59581,0.48642,0.59129,0.56446,0.5687,0.59627,0.50913,0.60656,0.64834,0.84576,0.68343,0.97718,0.42608,0.84576,0.64881,0.84573,0.68397,0.9772,0.42609,0.84573,0.39093,0.9772,0.36111,0.97718,0.39065,0.97718,0.39621,0.84576,0.39098,0.97718,0.36145,0.97718,0.39654,0.84576,0.42574,0.84576,0.84218,0.22385,0.83685,0.012894,0.91048,0.014465,0.91616,0.014627,0.90845,0.22252,0.97374,0.22383,0.99102,0.018616,0.59369,0.020749,0.59946,0.020312,0.60659,0.21956,0.67689,0.22056,0.61255,0.21938,0.67323,0.016348,0.67893,0.016127,0.75031,0.22001,0.69406,0.22042,0.75272,0.013723,0.75827,0.013668,0.82213,0.22424,0.76444,0.22661,0.83146,0.012887,0.70335,0.56748,0.76803,0.56305,0.87354,0.569,0.92242,0.56646,0.90209,0.22259,0.43912,0.53559,0.43749,0.51907,0.49822,0.60107,0.49822,0.43707,0.48271,0.44369,0.59649,0.46839,0.58528,0.45596,0.59649,0.56975,0.60508,0.55544,0.51474,0.60465,0.42823,0.51246,0.49139,0.43898,0.43383,0.53817,0.49139,0.60656,0.59052,0.47264,0.59581,0.56168,0.58665,0.60228,0.45545,0.49676,0.47575,0.44871,0.51735,0.43898,0.58388,0.46336,0.47528,0.59041,0.42823,0.5196,0.98372,0.86755,0.98372,0.91623,0.94995,0.91623,0.98372,0.9649,0.94995,0.9649,0.98372,0.47816,0.98372,0.52684,0.94995,0.47816,0.98372,0.57551,0.94995,0.52684,0.98372,0.62418,0.94995,0.57551,0.98372,0.67286,0.94995,0.62418,0.98372,0.72153,0.94995,0.72153,0.98372,0.77021,0.94995,0.77021,0.98372,0.81888,0.94995,0.81888,0.94995,0.86755,0.57642,0.3319,0.56528,0.36619,0.56528,0.2976,0.53612,0.38739,0.50003,0.38739,0.47086,0.36619,0.45972,0.3319,0.47087,0.2976,0.50004,0.27641,0.5361,0.27641,0.58085,0.33189,0.56887,0.36879,0.53749,0.3916,0.49866,0.3916,0.46728,0.36879,0.4553,0.33189,0.46729,0.295,0.49868,0.2722,0.53747,0.2722,0.56886,0.295,0.45618,0.68713,0.4691,0.67422,0.45618,0.80469,0.58658,0.67425,0.59949,0.68716,0.59949,0.80465,0.58658,0.81756,0.4691,0.81759,0.44948,0.68466,0.46663,0.66752,0.58906,0.66755,0.6062,0.68469,0.6062,0.80712,0.58906,0.82427,0.46663,0.82429,0.44948,0.80716,0.5635,0.60274,0.51466,0.53928,0.6071,0.51338,0.43951,0.49517,0.4456,0.47619,0.51466,0.43941,0.54242,0.44595,0.60553,0.50444,0.5555,0.60699,0.46198,0.5916,0.4481,0.57249,0.94995,0.67286]],