    {
    
    "metadata" :
    {
    "formatVersion" : 3.1,
    "sourceFile"    : "cityLine.obj",
    "generatedBy"   : "OBJConverter",
    "vertices"      : 77,
    "faces"         : 80,
    "normals"       : 0,
    "colors"        : 0,
    "uvs"           : 42,
    "materials"     : 1
    },
    
    "scale" : 1.000000,
    
    "materials": [	{
	"DbgColor" : 15658734,
	"DbgIndex" : 0,
	"DbgName" : "lambert4SG.001",
	"colorAmbient" : [0.0, 0.0, 0.0],
	"colorDiffuse" : [0.0, 0.0, 0.0],
	"colorSpecular" : [0.5, 0.5, 0.5],
	"illumination" : 2,
    "mapDiffuse" : "cityline.jpg",
    "opticalDensity" : 1.0,
	"specularCoef" : 96.078431,
	"transparency" : 0.0
	}],

    "vertices": [-46.994965,0.433652,-72.332382,-140.433929,0.433652,-72.332382,-46.994965,114.728630,-72.332367,-140.433929,114.728630,-72.332367,-46.994965,114.728615,-20.366848,-140.433929,114.728615,-20.366848,-140.433929,0.433643,-20.366867,-46.994965,0.433643,-20.366867,24.356297,0.433652,-72.332382,-46.508801,0.433652,-72.332382,24.356297,73.021111,-72.332367,-46.508801,73.021111,-72.332367,24.356297,73.021095,-20.366856,-46.508801,73.021095,-20.366856,-46.508801,0.433643,-20.366867,81.615089,0.433652,-72.332382,25.263351,0.433652,-72.332382,81.615089,91.911087,-72.332367,25.263351,91.911087,-72.332367,81.615089,91.911072,-20.366852,25.263351,91.911072,-20.366852,25.263351,0.433643,-20.366867,81.615089,0.433643,-20.366867,159.222809,0.433652,-72.332382,88.357712,0.433652,-72.332382,159.222809,160.133850,-72.332359,88.357712,160.133850,-72.332359,159.222809,160.133835,-20.366840,88.357712,160.133835,-20.366840,88.357712,0.433643,-20.366867,159.222809,0.433643,-20.366867,-81.825768,0.433640,0.726669,-175.264740,0.433640,0.726669,-81.825768,205.936661,0.726703,-175.264740,205.936661,0.726703,-81.825768,205.936646,62.811375,-175.264740,205.936646,62.811375,-175.264740,0.433630,62.811340,-81.825768,0.433630,62.811340,24.356297,0.433637,20.366867,-29.622894,0.433637,20.366867,24.356297,122.810493,20.366886,-29.622894,146.634659,20.366892,24.356297,122.810478,72.332405,-29.622894,146.634644,72.332405,-81.283493,0.433637,20.366867,-81.283493,0.433628,72.332382,-81.283493,169.435471,20.366894,-81.283493,169.435455,72.332413,-29.622894,174.225922,20.366896,-81.283493,197.026733,20.366899,-29.622894,174.225906,72.332413,-81.283493,197.026718,72.332413,25.263351,0.433638,11.295822,25.263351,139.946640,11.295845,102.472580,0.433638,11.295822,102.472580,183.359634,11.295852,102.472580,183.359619,63.261368,25.263351,139.946625,63.261360,25.263351,0.433630,63.261337,102.472580,0.433630,63.261337,175.264740,0.433640,2.306992,104.399651,0.433640,2.306992,175.264740,249.536484,2.307033,104.399651,249.536484,2.307033,175.264740,249.536469,54.272488,104.399651,249.536469,54.272488,104.399651,0.433631,54.272446,175.264740,0.433631,54.272446,-123.372803,205.936661,3.896091,-161.327362,205.936661,25.809162,-123.372803,294.005737,3.896105,-161.327362,294.005737,25.809175,-103.163704,294.005737,38.899311,-141.118256,294.005737,60.812382,-103.163704,205.936661,38.899296,-141.118256,205.936646,60.812366],

    "morphTargets": [],
    
    "morphColors": [],
    
    "normals": [],
    
    "colors": [],
    
    "uvs": [[0.63407,0.013877,0.90063,0.013877,0.63407,0.33994,0.90063,0.33994,0.57277,0.91167,0.34489,0.91167,0.57277,0.74684,0.34489,0.74684,0.43052,0.013877,0.63268,0.013877,0.43052,0.22096,0.63268,0.22096,0.26717,0.013877,0.42793,0.013877,0.26717,0.27485,0.42793,0.27485,0.045765,0.013877,0.24793,0.013877,0.045765,0.46947,0.24793,0.46947,0.73343,0.013877,1,0.013877,0.73343,0.60014,1,0.60014,0.58451,0.013877,0.43052,0.363,0.58451,0.43096,0.73189,0.013877,0.73189,0.49601,0.58451,0.50968,0.73189,0.57472,0.42793,0.41188,0.20766,0.013877,0.20766,0.53573,0,0.013877,0.20217,0.013877,0,0.72452,0.20217,0.72452,0.81476,0.60014,0.93979,0.60014,0.81476,0.85139,0.93979,0.85139]],
    
    "faces": [10,0,1,2,0,0,1,2,10,2,1,3,0,2,1,3,10,2,3,4,0,4,5,6,10,4,3,5,0,6,5,7,10,1,6,3,0,1,1,3,10,3,6,5,0,3,1,3,10,7,0,4,0,0,0,2,10,4,0,2,0,2,0,2,10,8,9,10,0,8,9,10,10,10,9,11,0,10,9,11,10,10,11,12,0,4,5,6,10,12,11,13,0,6,5,7,10,9,14,11,0,9,9,11,10,11,14,13,0,11,9,11,10,15,16,17,0,12,13,14,10,17,16,18,0,14,13,15,10,17,18,19,0,4,5,6,10,19,18,20,0,6,5,7,10,16,21,18,0,13,13,15,10,18,21,20,0,15,13,15,10,22,15,19,0,12,12,14,10,19,15,17,0,14,12,14,10,23,24,25,0,16,17,18,10,25,24,26,0,18,17,19,10,25,26,27,0,4,5,6,10,27,26,28,0,6,5,7,10,24,29,26,0,17,17,19,10,26,29,28,0,19,17,19,10,30,23,27,0,16,16,18,10,27,23,25,0,18,16,18,10,31,32,33,0,20,21,22,10,33,32,34,0,22,21,23,10,33,34,35,0,4,5,6,10,35,34,36,0,6,5,7,10,32,37,34,0,21,21,23,10,34,37,36,0,23,21,23,10,38,31,35,0,20,20,22,10,35,31,33,0,22,20,22,10,39,40,41,0,8,24,25,10,41,40,42,0,25,24,26,10,41,42,43,0,4,5,6,10,43,42,44,0,6,5,7,10,45,46,47,0,27,27,28,10,47,46,48,0,28,27,28,10,49,50,51,0,4,5,6,10,51,50,52,0,6,5,7,10,40,45,42,0,24,27,26,10,42,45,47,0,26,27,28,10,42,47,49,0,26,28,29,10,49,47,50,0,29,28,30,10,47,48,50,0,28,28,30,10,50,48,52,0,30,28,30,10,44,42,51,0,26,26,29,10,51,42,49,0,29,26,29,10,53,54,55,0,13,31,32,10,55,54,56,0,32,31,33,10,56,54,57,0,4,5,6,10,57,54,58,0,6,5,7,10,53,59,54,0,13,13,31,10,54,59,58,0,31,13,31,10,60,55,57,0,32,32,33,10,57,55,56,0,33,32,33,10,61,62,63,0,34,35,36,10,63,62,64,0,36,35,37,10,63,64,65,0,4,5,6,10,65,64,66,0,6,5,7,10,62,67,64,0,35,35,37,10,64,67,66,0,37,35,37,10,68,61,65,0,34,34,36,10,65,61,63,0,36,34,36,10,69,70,71,0,38,39,40,10,71,70,72,0,40,39,41,10,71,72,73,0,4,5,6,10,73,72,74,0,6,5,7,10,75,76,69,0,38,39,38,10,69,76,70,0,38,39,39,10,70,76,72,0,39,39,41,10,72,76,74,0,41,39,41,10,75,69,73,0,38,38,40,10,73,69,71,0,40,38,40]
    
    }
    