    {
    
    "metadata" :
    {
    "formatVersion" : 3.1,
    "sourceFile"    : "dump.obj",
    "generatedBy"   : "OBJConverter",
    "vertices"      : 24,
    "faces"         : 38,
    "normals"       : 0,
    "colors"        : 0,
    "uvs"           : 24,
    "materials"     : 1
    },
    
    "scale" : 1.000000,
    
    "materials": [	{
	"DbgColor" : 15658734,
	"DbgIndex" : 0,
	"DbgName" : "lambert2SG",
	"colorAmbient" : [0.0, 0.0, 0.0],
	"colorDiffuse" : [0.0, 0.0, 0.0],
	"colorSpecular" : [0.5, 0.5, 0.5],
	"illumination" : 2,
    "mapDiffuse" : "terrain_1024.jpg",
	"opticalDensity" : 1.0,
	"specularCoef" : 96.078431,
	"transparency" : 0.0
	}],
    
    "vertices": [0.586095,1.221364,15.548927,7.565366,1.043998,9.460670,1.240843,2.768720,11.176933,7.399942,2.379283,6.971622,6.487138,2.911480,3.644333,3.075622,4.145380,6.689363,-2.985672,3.662091,3.946408,-6.231165,2.846884,5.644238,-11.540876,1.628966,8.503475,3.302872,3.810282,3.217629,-4.136798,3.910898,-3.873500,1.158622,2.935977,1.246987,-0.445065,2.911597,-3.359962,-3.266414,3.044692,-7.356681,3.634122,3.063350,-5.141780,5.927149,0.518783,-7.628250,-2.934556,1.792081,-7.747203,-9.678709,1.466355,-6.338389,-6.449924,3.197926,-2.775115,10.584482,0.785992,0.533257,7.407874,2.275454,-0.362728,-12.523662,2.085606,0.240257,-9.394922,4.014085,0.548097,-0.770873,0.524467,-11.747562],
    
    "morphTargets": [],
    
    "morphColors": [],
    
    "normals": [],
    
    "colors": [],
    
    "uvs": [[0.89809,0.002323,0.96607,0.059053,0.90446,0.045012,0.95965,0.08468,0.95262,0.11472,0.91933,0.088018,0.86436,0.11224,0.83379,0.095941,0.78373,0.069075,0.92268,0.11759,0.85392,0.18495,0.90338,0.13814,0.88847,0.18039,0.86366,0.21315,0.92464,0.19531,0.94897,0.22246,0.8636,0.22518,0.80105,0.20963,0.83163,0.17565,0.99332,0.14428,0.96128,0.15213,0.77349,0.14707,0.80602,0.14377,0.88492,0.26078]],
    
    "faces": [10,0,1,2,0,0,1,2,10,2,1,3,0,2,1,3,10,2,4,5,0,2,4,5,10,6,7,5,0,6,7,5,10,5,7,2,0,5,7,2,10,8,0,7,0,8,0,7,10,7,0,2,0,7,0,2,10,5,4,9,0,5,4,9,10,10,11,12,0,10,11,12,10,9,6,5,0,9,6,5,10,10,12,13,0,10,12,13,10,13,12,14,0,13,12,14,10,14,15,13,0,14,15,13,10,13,15,16,0,13,15,16,10,17,18,16,0,17,18,16,10,16,18,13,0,16,18,13,10,18,10,13,0,18,10,13,10,15,14,19,0,15,14,19,10,19,14,20,0,19,14,20,10,14,12,20,0,14,12,20,10,20,12,11,0,20,12,11,10,20,4,3,0,20,4,3,10,1,19,3,0,1,19,3,10,3,19,20,0,3,19,20,10,21,8,22,0,21,8,22,10,22,8,7,0,22,8,7,10,7,6,22,0,7,6,22,10,6,18,22,0,6,18,22,10,11,10,18,0,11,10,18,10,18,17,22,0,18,17,22,10,22,17,21,0,22,17,21,10,9,4,11,0,9,4,11,10,11,6,9,0,11,6,9,10,18,6,11,0,18,6,11,10,11,4,20,0,11,4,20,10,3,4,2,0,3,4,2,10,16,15,23,0,16,15,23,10,17,16,23,0,17,16,23]
    
    }
    