    {
    
    "metadata" :
    {
    "formatVersion" : 3.1,
    "sourceFile"    : "railing.obj",
    "generatedBy"   : "OBJConverter",
    "vertices"      : 137,
    "faces"         : 146,
    "normals"       : 0,
    "colors"        : 0,
    "uvs"           : 92,
    "materials"     : 1
    },
    
    "scale" : 1.000000,
    
    "materials": [	{
	"DbgColor" : 15658734,
	"DbgIndex" : 0,
	"DbgName" : "lambert2SG.001",
	"colorAmbient" : [0.0, 0.0, 0.0],
	"colorDiffuse" : [0.0, 0.0, 0.0],
	"colorSpecular" : [0.5, 0.5, 0.5],
	"illumination" : 2,
    "mapDiffuse" : "terrain_1024.jpg",
    "opticalDensity" : 1.0,
	"specularCoef" : 96.078431,
	"transparency" : 0.0
	}],
    
    "vertices": [2.849739,-1.729514,-27.787289,2.849739,-2.133461,-27.787289,-2.849739,-2.133461,-27.787289,-2.849739,-1.729514,-27.787289,2.184916,-2.133461,-27.122467,-2.849739,-2.133461,-27.122467,-2.849739,-1.729515,-27.122467,2.184916,-1.729515,-27.122467,2.849739,-1.729519,1.753714,2.849739,-2.133465,1.753714,2.184916,-2.133465,1.711752,2.184916,-1.729519,1.711752,-2.849739,-1.729524,27.787289,-2.849739,-2.133470,27.787289,2.849739,-2.133470,27.787289,2.849739,-1.729524,27.787289,-2.849739,-2.133470,27.122461,2.184916,-2.133470,27.122461,2.184916,-1.729523,27.122461,-2.849739,-1.729525,27.122461,-2.849739,-1.893520,1.712070,2.273174,-1.893520,1.712070,2.273174,-1.893516,-27.163612,-2.849739,-1.893516,-27.163612,-2.849739,-1.988503,1.712116,2.273174,-1.988503,1.712116,2.273174,-1.988508,27.499306,-2.849739,-1.988508,27.499306,2.849739,2.133470,-27.758324,2.849739,1.600656,-27.758324,-2.849739,1.600656,-27.758324,-2.849739,2.133470,-27.758324,2.184916,1.867066,-27.093498,-2.849739,1.867066,-27.093498,2.849739,2.133461,27.816257,2.849739,1.600646,27.816257,2.849739,1.600651,1.933374,2.849739,2.133465,1.933374,2.184916,1.867058,27.151428,2.184916,1.867062,1.887810,-2.849739,2.133461,27.816257,-2.849739,1.600646,27.816257,-2.849739,1.867058,27.151428,2.432638,-1.729524,27.566517,2.748510,-1.729524,27.732273,2.748510,1.600646,27.732273,2.432638,1.600646,27.566517,2.748510,1.600647,27.400757,2.748510,-1.729523,27.400757,2.432638,-1.729523,21.726067,2.748510,-1.729523,21.891825,2.748510,1.600647,21.891825,2.432638,1.600647,21.726067,2.748510,1.600648,21.560307,2.748510,-1.729522,21.560307,0.046082,-1.729524,27.535126,0.361954,-1.729524,27.700884,0.361954,1.600646,27.700884,0.046082,1.600646,27.535126,0.361954,1.600647,27.369366,0.361954,-1.729523,27.369366,-2.611332,-1.729524,27.535126,-2.295460,-1.729524,27.700884,-2.295460,1.600646,27.700884,-2.611332,1.600646,27.535126,-2.295460,1.600647,27.369366,-2.295460,-1.729523,27.369366,2.432638,-1.729522,15.885617,2.748510,-1.729522,16.051376,2.748510,1.600648,16.051376,2.432638,1.600648,15.885617,2.748510,1.600649,15.719858,2.748510,-1.729522,15.719858,2.432638,-1.729521,10.045172,2.748510,-1.729521,10.210930,2.748510,1.600649,10.210930,2.432638,1.600649,10.045172,2.748510,1.600649,9.879413,2.748510,-1.729521,9.879413,2.432638,-1.729520,4.204721,2.748510,-1.729520,4.370481,2.748510,1.600650,4.370481,2.432638,1.600650,4.204722,2.748510,1.600650,4.038963,2.748510,-1.729520,4.038962,2.432638,-1.729519,-1.635727,2.748510,-1.729519,-1.469969,2.748510,1.600651,-1.469969,2.432638,1.600651,-1.635727,2.748510,1.600651,-1.801485,2.748510,-1.729519,-1.801485,2.432638,-1.729518,-7.476173,2.748510,-1.729518,-7.310413,2.748510,1.600652,-7.310412,2.432638,1.600652,-7.476172,2.748510,1.600652,-7.641932,2.748510,-1.729518,-7.641932,2.432638,-1.729517,-13.316626,2.748510,-1.729517,-13.150867,2.748510,1.600653,-13.150867,2.432638,1.600653,-13.316626,2.748510,1.600653,-13.482384,2.748510,-1.729517,-13.482384,2.432638,-1.729516,-19.157070,2.748510,-1.729516,-18.991314,2.748510,1.600654,-18.991314,2.432638,1.600654,-19.157070,2.748510,1.600654,-19.322830,2.748510,-1.729516,-19.322830,2.432638,-1.729514,-27.650497,2.748510,-1.729514,-27.484741,2.748510,1.600656,-27.484741,2.432638,1.600656,-27.650497,2.748510,1.600656,-27.816257,2.748510,-1.729514,-27.816257,0.046082,-1.729514,-27.650497,0.361954,-1.729514,-27.484741,0.361954,1.600656,-27.484741,0.046082,1.600656,-27.650497,0.361954,1.600656,-27.816257,0.361954,-1.729514,-27.816257,-2.611332,-1.729514,-27.650497,-2.295460,-1.729514,-27.484741,-2.295460,1.600656,-27.484741,-2.611332,1.600656,-27.650497,-2.295460,1.600656,-27.816257,-2.295460,-1.729514,-27.816257,2.432638,-1.729515,-24.997524,2.748510,-1.729515,-24.831764,2.748510,1.600655,-24.831764,2.432638,1.600655,-24.997524,2.748510,1.600655,-25.163284,2.748510,-1.729515,-25.163284,-2.849739,-1.988499,-27.163612,2.273174,-1.988499,-27.163612,-2.849739,-1.893525,27.499306,2.273174,-1.893525,27.499306],
    
    "morphTargets": [],
    
    "morphColors": [],
    
    "normals": [],
    
    "colors": [],
    
    "uvs": [[0.63192,0.35099,0.62408,0.35099,0.62408,0.28235,0.63216,0.28235,0.63216,0.35099,0.64373,0.34303,0.63192,0.28235,0.64365,0.34303,0.62408,0.28237,0.6318,0.28237,0.6318,0.351,0.6436,0.28237,0.6436,0.34304,0.64376,0.34304,0.64376,0.28237,0.63216,0.28237,0.63192,0.351,0.62408,0.351,0.62408,0.28244,0.63216,0.28244,0.63216,0.351,0.64376,0.34309,0.63192,0.28244,0.64364,0.34309,0.62408,0.28242,0.63187,0.28242,0.63187,0.35099,0.64363,0.28242,0.64363,0.34306,0.6438,0.34306,0.6438,0.28242,0.63216,0.28242,0.69655,0.016826,0.67202,0.016826,0.69655,0.17342,0.72109,0.17342,0.72109,0.016826,0.64373,0.28235,0.64365,0.28235,0.62408,0.351,0.63216,0.351,0.64376,0.28244,0.64364,0.28244,0.62408,0.35099,0.63216,0.35099,0.67202,0.17342,0.64827,0.351,0.64069,0.351,0.64069,0.011804,0.66011,0.011804,0.66011,0.34272,0.64881,0.011804,0.64881,0.351,0.66046,0.011804,0.49767,0.013226,0.62212,0.013226,0.62212,0.3577,0.49767,0.3577,0.62212,0.3577,0.62212,0.013226,0.64062,0.35094,0.64868,0.35094,0.64868,0.011751,0.66043,0.34251,0.66043,0.011752,0.66072,0.011752,0.66072,0.34251,0.64888,0.35094,0.64062,0.011789,0.64851,0.011789,0.64854,0.35099,0.66041,0.34296,0.66043,0.011789,0.64889,0.35099,0.66015,0.011789,0.66069,0.011786,0.66069,0.3427,0.64878,0.011786,0.64072,0.35104,0.64852,0.35104,0.64852,0.011786,0.6605,0.3427,0.6605,0.011786,0.64827,0.011804,0.66046,0.34272,0.64062,0.011751,0.64888,0.011751,0.64061,0.35099,0.64888,0.011789,0.66014,0.34296,0.64878,0.35104,0.64072,0.011786]],