    {
    
    "metadata" :
    {
    "formatVersion" : 3.1,
    "sourceFile"    : "Box_Blender.obj",
    "generatedBy"   : "OBJConverter",
    "vertices"      : 8,
    "faces"         : 12,
    "normals"       : 6,
    "colors"        : 0,
    "uvs"           : 14,
    "materials"     : 1
    },
    
    "scale" : 1.000000,
    
    "materials": [	{
	"DbgColor" : 15658734,
	"DbgIndex" : 0,
	"DbgName" : "initialShadingGroup.004",
	"colorAmbient" : [1.0, 1.0, 1.0],
	"colorDiffuse" : [1.0, 1.0, 1.0],
	"colorSpecular" : [0.5, 0.5, 0.5],
	"illumination" : 2,
	"mapDiffuse" : "boxDiffuse.jpg",
	"opticalDensity" : 1.0,
	"specularCoef" : 96.078431,
	"transparency" : 0.0
	}],
    
    "vertices": [-0.738564,-0.738564,0.738564,0.738564,-0.738564,0.738564,0.738564,0.738564,0.738564,-0.738564,0.738564,0.738564,0.738564,0.738564,-0.738564,-0.738564,0.738564,-0.738564,0.738564,-0.738564,-0.738564,-0.738564,-0.738564,-0.738564],
    
    "morphTargets": [],
    
    "morphColors": [],
    
    "normals": [0,-0,1,0,1,0,0,0,-1,0,-1,-0,1,0,0,-1,-0,-0],
    
    "colors": [],
    
    "uvs": [[0.375,0,0.625,0,0.625,0.25,0.375,0.25,0.625,0.5,0.375,0.5,0.375,0.75,0.625,1,0.375,1,0.625,0.75,0.875,0,0.875,0.25,0.125,0,0.125,0.25]],
    
    "faces": [42,0,1,2,0,0,1,2,0,0,0,42,3,2,4,0,3,2,4,1,1,1,42,5,4,7,0,5,4,6,2,2,2,42,1,0,6,0,7,8,9,3,3,3,42,1,6,4,0,1,10,11,4,4,4,42,7,0,5,0,12,0,13,5,5,5,42,3,0,2,0,3,0,2,0,0,0,42,5,3,4,0,5,3,4,1,1,1,42,4,6,7,0,4,9,6,2,2,2,42,0,7,6,0,8,6,9,3,3,3,42,2,1,4,0,2,1,11,4,4,4,42,0,3,5,0,0,3,13,5,5,5]
    
    }
    