    {
    
    "metadata" :
    {
    "formatVersion" : 3.1,
    "sourceFile"    : "pillar.obj",
    "generatedBy"   : "OBJConverter",
    "vertices"      : 74,
    "faces"         : 114,
    "normals"       : 0,
    "colors"        : 0,
    "uvs"           : 104,
    "materials"     : 1
    },
    
    "scale" : 1.000000,
    
    "materials": [	{
	"DbgColor" : 15658734,
	"DbgIndex" : 0,
	"DbgName" : "lambert4SG.001",
	"colorAmbient" : [0.0, 0.0, 0.0],
	"colorDiffuse" : [0.44800000000000001, 0.44800000000000001, 0.44800000000000001],
	"colorSpecular" : [0.5, 0.5, 0.5],
	"illumination" : 2,
	"opticalDensity" : 1.0,
	"specularCoef" : 96.078431,
	"transparency" : 0.0
	}],
    
    "vertices": [1.689487,135.736786,-4.644418,2.738117,17.697077,-9.103391,-3.018276,135.736786,-3.114633,-7.335934,17.697075,-5.830106,-3.570385,135.736786,-2.354836,-7.811184,17.697075,-5.176022,-3.570385,135.736786,2.595328,-7.811184,17.697075,5.416476,-3.018276,135.736786,3.355125,-7.335934,17.697073,6.070560,1.689487,135.736786,4.884910,2.738117,17.697073,9.343844,2.582813,135.736786,4.594474,3.507069,17.697073,9.093997,5.492390,135.736786,0.589866,9.733173,17.697075,0.524478,5.492390,135.736786,-0.349374,9.733173,17.697075,-0.284024,2.582813,135.736786,-4.353982,3.507069,17.697077,-8.853513,9.025654,12.667186,-6.316496,3.550236,12.667187,-10.294615,9.025654,17.362768,-6.316495,3.550236,17.362768,-10.294614,-3.217739,12.667187,-10.294615,-3.217739,17.362768,-10.294614,-8.693157,12.667186,-6.316496,-8.693157,17.362768,-6.316495,-10.784573,12.667185,0.120211,-10.784573,17.362766,0.120212,-8.693157,12.667184,6.556978,-8.693157,17.362764,6.556979,-3.217739,12.667183,10.535097,-3.217739,17.362764,10.535098,3.550236,12.667183,10.535097,3.550236,17.362764,10.535098,9.025654,12.667184,6.556978,9.025654,17.362764,6.556979,11.117069,12.667185,0.120211,11.117069,17.362766,0.120212,10.417591,17.697075,0.120212,8.459751,17.697077,-5.905331,8.459751,17.697073,6.145816,3.334095,17.697077,-9.629361,-3.001583,17.697077,-9.629361,-8.127254,17.697077,-5.905331,-10.085079,17.697075,0.120212,-8.127254,17.697073,6.145816,-3.001583,17.697073,9.869815,3.334095,17.697073,9.869815,-9.525524,12.093999,12.057314,-12.533337,0.839208,15.065125,9.525517,12.093999,12.057314,12.533344,0.839208,15.065125,-12.533337,0.839212,-15.065125,-9.525524,12.094003,-12.057279,12.533344,0.839212,-15.065125,9.525517,12.094003,-12.057279,12.057285,12.093999,9.525545,15.065121,0.839208,12.533356,12.057285,12.094003,-9.525511,15.065121,0.839212,-12.533356,-12.057293,12.094003,-9.525511,-15.065121,0.839212,-12.533356,-12.057293,12.093999,9.525545,-15.065121,0.839208,12.533356,-11.181606,12.672336,9.162844,-9.162792,12.672336,11.181612,-11.181606,12.672339,-9.162809,9.162785,12.672336,11.181612,11.181614,12.672336,9.162844,11.181614,12.672339,-9.162809,9.162785,12.672339,-11.181608,-9.162792,12.672339,-11.181608],
    
    "morphTargets": [],
    
    "morphColors": [],
    
    "normals": [],
    
    "colors": [],
    
    "uvs": [[0.29883,0.93784,0.37077,0.009011,0.33802,0.94152,0.45157,0.009011,0.11192,0.93984,0.011413,0.009011,0.15104,0.9366,0.088484,0.009011,0.15848,0.93617,0.094088,0.009011,0.19777,0.93485,0.17489,0.009011,0.20523,0.93476,0.181,0.009011,0.24458,0.93514,0.26956,0.009011,0.25205,0.93536,0.2761,0.009011,0.29138,0.93731,0.36466,0.009011,0.98421,0.86705,0.98421,0.91572,0.95044,0.86705,0.95044,0.91572,0.98421,0.9644,0.95044,0.9644,0.98421,0.47766,0.98421,0.52633,0.95044,0.47766,0.95044,0.52633,0.98421,0.575,0.95044,0.575,0.98421,0.62368,0.95044,0.62368,0.98421,0.67235,0.95044,0.67235,0.98421,0.72103,0.95044,0.72103,0.98421,0.7697,0.95044,0.7697,0.98421,0.81837,0.95044,0.81837,0.57642,0.3319,0.56528,0.36619,0.56528,0.2976,0.53612,0.38739,0.50003,0.38739,0.47086,0.36619,0.45972,0.3319,0.47087,0.2976,0.50004,0.27641,0.5361,0.27641,0.64834,0.84576,0.68343,0.97718,0.42608,0.84576,0.39098,0.97718,0.64881,0.84573,0.68397,0.9772,0.42609,0.84573,0.39093,0.9772,0.58085,0.33189,0.56887,0.36879,0.53749,0.3916,0.49866,0.3916,0.46728,0.36879,0.4553,0.33189,0.46729,0.295,0.49868,0.2722,0.53747,0.2722,0.56886,0.295,0.54757,0.38535,0.53499,0.39025,0.58022,0.338,0.4687,0.35973,0.47599,0.37108,0.47821,0.29146,0.47012,0.30222,0.54584,0.2783,0.53303,0.27413,0.58,0.32453,0.005809,0.009011,0.10451,0.94065,0.45618,0.68713,0.4691,0.67422,0.45618,0.80469,0.58658,0.67425,0.59949,0.68716,0.59949,0.80465,0.58658,0.81756,0.4691,0.81759,0.36111,0.97718,0.39065,0.97718,0.39621,0.84576,0.42574,0.84576,0.36145,0.97718,0.39654,0.84576,0.44948,0.68466,0.46663,0.66752,0.58906,0.66755,0.6062,0.68469,0.6062,0.80712,0.58906,0.82427,0.46663,0.82429,0.44948,0.80716]],
    
    "faces": [10,0,1,2,0,0,1,2,10,2,1,3,0,2,1,3,10,4,5,6,0,4,5,6,10,6,5,7,0,6,5,7,10,8,9,10,0,8,9,10,10,10,9,11,0,10,9,11,10,12,13,14,0,12,13,14,10,14,13,15,0,14,13,15,10,16,17,18,0,16,17,18,10,18,17,19,0,18,17,19,10,20,21,22,0,20,21,22,10,22,21,23,0,22,21,23,10,21,24,23,0,21,24,23,10,23,24,25,0,23,24,25,10,24,26,25,0,26,27,28,10,25,26,27,0,28,27,29,10,26,28,27,0,27,30,29,10,27,28,29,0,29,30,31,10,28,30,29,0,30,32,31,10,29,30,31,0,31,32,33,10,30,32,31,0,32,34,33,10,31,32,33,0,33,34,35,10,32,34,33,0,34,36,35,10,33,34,35,0,35,36,37,10,34,36,35,0,36,38,37,10,35,36,37,0,37,38,39,10,36,38,37,0,38,40,39,10,37,38,39,0,39,40,41,10,38,20,39,0,40,20,41,10,39,20,22,0,41,20,22,10,40,41,42,0,42,43,44,10,41,43,42,0,43,45,44,10,43,44,42,0,45,46,44,10,44,45,42,0,46,47,44,10,45,46,42,0,47,48,44,10,46,47,42,0,48,49,44,10,47,48,42,0,49,50,44,10,48,49,42,0,50,51,44,10,50,51,52,0,52,53,54,10,52,51,53,0,54,53,55,10,54,55,56,0,53,52,55,10,56,55,57,0,55,52,54,10,58,59,60,0,56,57,58,10,60,59,61,0,58,57,59,10,62,63,64,0,58,59,56,10,64,63,65,0,56,59,57,10,39,22,40,0,60,61,42,10,40,22,41,0,42,61,43,10,22,23,41,0,61,62,43,10,41,23,43,0,43,62,45,10,23,25,43,0,62,63,45,10,43,25,44,0,45,63,46,10,25,27,44,0,63,64,46,10,44,27,45,0,46,64,47,10,27,29,45,0,64,65,47,10,45,29,46,0,47,65,48,10,29,31,46,0,65,66,48,10,46,31,47,0,48,66,49,10,31,33,47,0,66,67,49,10,47,33,48,0,49,67,50,10,33,35,48,0,67,68,50,10,48,35,49,0,50,68,51,10,35,37,49,0,68,69,51,10,49,37,42,0,51,69,44,10,37,39,42,0,69,60,44,10,42,39,40,0,44,60,42,10,18,0,16,0,70,71,72,10,4,0,2,0,73,71,74,10,0,4,16,0,71,73,72,10,8,4,6,0,75,73,76,10,4,8,16,0,73,75,72,10,12,16,8,0,77,72,75,10,10,12,8,0,78,77,75,10,16,12,14,0,72,77,79,10,19,1,18,0,19,1,18,10,1,0,18,0,1,0,18,10,3,5,2,0,80,5,81,10,2,5,4,0,81,5,4,10,7,9,6,0,7,9,6,10,6,9,8,0,6,9,8,10,11,13,10,0,11,13,10,10,10,13,12,0,10,13,12,10,15,17,14,0,15,17,14,10,14,17,16,0,14,17,16,10,66,67,68,0,82,83,84,10,69,70,67,0,85,86,83,10,71,72,70,0,87,88,86,10,73,68,72,0,89,84,88,10,67,70,68,0,83,86,84,10,70,72,68,0,86,88,84,10,65,51,64,0,90,91,92,10,64,51,50,0,92,91,93,10,53,59,52,0,55,94,54,10,52,59,58,0,54,94,95,10,62,55,63,0,92,93,90,10,63,55,54,0,90,93,91,10,57,60,56,0,54,95,55,10,56,60,61,0,55,95,94,10,64,50,66,0,96,97,82,10,66,50,67,0,82,97,83,10,50,52,67,0,97,98,83,10,67,52,69,0,83,98,85,10,52,58,69,0,98,99,85,10,69,58,70,0,85,99,86,10,58,60,70,0,99,100,86,10,70,60,71,0,86,100,87,10,60,57,71,0,100,101,87,10,71,57,72,0,87,101,88,10,57,55,72,0,101,102,88,10,72,55,73,0,88,102,89,10,55,62,73,0,102,103,89,10,73,62,68,0,89,103,84,10,62,64,68,0,103,96,84,10,68,64,66,0,84,96,82]
    
    }
    