    {
    
    "metadata" :
    {
    "formatVersion" : 3.1,
    "sourceFile"    : "pillarBroken.obj",
    "generatedBy"   : "OBJConverter",
    "vertices"      : 114,
    "faces"         : 186,
    "normals"       : 129,
    "colors"        : 0,
    "uvs"           : 185,
    "materials"     : 1
    },
    
    "scale" : 1.000000,
    
    "materials": [	{
	"DbgColor" : 15658734,
	"DbgIndex" : 0,
	"DbgName" : "initialShadingGroup.015",
	"colorAmbient" : [0.0, 0.0, 0.0],
	"colorDiffuse" : [0.32000000000000001, 0.32000000000000001, 0.32000000000000001],
	"colorSpecular" : [0.5, 0.5, 0.5],
	"illumination" : 2,
	"opticalDensity" : 1.0,
	"specularCoef" : 92.156863,
	"transparency" : 0.0
	}],
    
    "vertices": [25.468254,39.658844,-5.545732,31.102180,33.331623,-8.298481,24.956894,40.233101,-5.795550,33.245514,34.625584,-9.054707,25.648956,39.824032,-14.442064,21.676523,44.107674,-12.057144,23.045485,46.178448,-14.464432,27.038795,41.693726,-21.921036,26.527435,42.267990,-21.671127,32.672722,35.366505,-19.168293,33.245514,34.625591,-17.962696,-6.458740,7.155128,-20.069332,-1.691616,1.774996,-17.624939,-7.307908,6.054895,-7.697630,-8.007347,6.959280,-4.433256,-8.862434,14.007706,-5.492762,-7.447472,10.858028,-0.568752,-8.119183,8.217686,1.120730,-6.599039,4.192693,-0.803953,-55.736328,9.514827,22.759861,-55.896484,8.732362,22.634037,-53.666649,12.246136,25.292301,-54.816200,4.363953,24.667480,-55.192505,4.791419,24.093567,-51.918739,5.177871,28.582428,-52.311424,4.659629,28.101929,-51.208244,10.049345,28.968601,-51.074669,9.301555,29.245548,-53.191383,12.302239,25.943943,-11.078554,4.755809,-9.037077,-11.890791,7.790159,-11.460020,-10.599240,2.222373,-8.548187,-6.662806,2.687048,-3.150696,-8.807351,14.135063,-7.586605,-11.580185,10.766104,-10.766842,-10.102261,9.296103,-12.791500,-9.362087,10.415743,-14.464474,-2.034620,0.799547,-11.093384,-2.768219,0.956583,-8.110046,49.857018,12.667192,-20.496914,44.381599,12.667192,-24.475033,49.857018,17.362774,-20.496914,44.381599,17.362774,-24.475033,37.613625,12.667192,-24.475033,37.613625,17.362774,-24.475033,32.138206,12.667192,-20.496914,32.138206,17.362774,-20.496914,30.046791,12.667189,-14.060207,30.046791,17.362770,-14.060205,32.138206,12.667187,-7.623440,32.138206,17.362770,-7.623438,37.613625,12.667187,-3.645321,37.613625,17.362766,-3.645319,44.381599,12.667187,-3.645321,44.381599,17.362766,-3.645319,49.857018,12.667187,-7.623440,49.857018,17.362770,-7.623438,51.948433,12.667189,-14.060207,51.948433,17.362770,-14.060205,51.248955,17.697079,-14.060205,49.291115,17.697083,-20.085747,49.291115,17.697079,-8.034601,44.165459,17.697083,-23.809776,37.829781,17.697083,-23.809776,32.704109,17.697083,-20.085747,30.746284,17.697079,-14.060205,32.704109,17.697079,-8.034601,37.829781,17.697075,-4.310602,44.165459,17.697075,-4.310602,31.305840,12.094001,-2.123104,28.298027,0.839210,0.884705,50.356880,12.094001,-2.123104,53.364708,0.839210,0.884705,28.298027,0.839220,-29.245544,31.305840,12.094008,-26.237698,53.364708,0.839220,-29.245544,50.356880,12.094008,-26.237698,52.888649,12.094003,-4.654873,55.896484,0.839210,-1.647064,52.888649,12.094008,-23.705929,55.896484,0.839218,-26.713776,28.774071,12.094008,-23.705929,25.766243,0.839218,-26.713776,28.774071,12.094003,-4.654873,25.766243,0.839210,-1.647064,29.649757,12.672338,-5.017574,31.668571,12.672338,-2.998806,29.649757,12.672345,-23.343227,49.994148,12.672338,-2.998806,52.012978,12.672338,-5.017574,52.012978,12.672345,-23.343227,49.994148,12.672345,-25.362026,31.668571,12.672345,-25.362026,50.564537,17.697079,-14.464441,44.338432,17.697083,-23.033928,48.653694,46.593258,-15.377640,44.111984,46.617207,-21.931534,43.569481,17.697083,-23.283806,43.312565,46.617207,-22.191330,34.553268,46.617207,-19.345230,33.495430,17.697083,-20.010521,33.020180,17.697083,-19.356438,34.059189,46.617207,-18.665237,34.252747,46.689228,-9.875290,33.020180,17.697079,-8.763941,33.495430,17.697079,-8.109858,35.826454,46.545170,-8.355027,42.809479,46.182850,-6.570694,43.569481,17.697075,-4.836572,44.338432,17.697075,-5.086420,44.615070,47.051548,-6.868393,48.892105,46.641155,-12.742691,50.564537,17.697079,-13.655939,39.757259,45.301567,-14.060165],
    
    "morphTargets": [],
    
    "morphColors": [],
    
    "normals": [0.74683,0.66502,-4e-05,0.3484,-0.029551,0.93688,0.74055,0.67144,0.027508,0.70288,0.29026,0.64939,0.74683,0.66501,2.9e-05,0.89934,0.36929,0.23414,0.56191,0.82718,0.005841,0.56474,0.82527,1e-06,0.61149,0.76989,0.18262,0.65007,0.69238,0.31307,-0.24944,0.19103,-0.94936,0.53867,-0.57918,-0.61187,-0.25384,0.18682,0.94903,0.97068,0.083897,-0.22527,0.97632,-0.20594,0.066321,0.92223,0.38067,-0.067681,-0.89077,0.4322,-0.14026,-0.97281,-0.01944,-0.23072,-0.67345,0.72509,0.14374,-0.66378,-0.70769,0.24189,-0.88406,-0.45927,-0.086367,-0.17313,-0.36461,0.91491,-0.38948,-0.67119,0.63067,-0.18277,0.51686,0.8363,-0.094607,0.09241,0.99121,-0.40425,0.75671,0.51375,0.24323,-0.36525,-0.89856,0.11582,-0.18738,-0.9754,0.19507,-0.65767,-0.72759,0.79019,-0.60628,-0.089572,0.88235,-0.25996,0.39222,0.78304,0.079958,0.61678,0.84887,0.40953,0.33418,0.63247,0.76455,0.12403,0.54448,0.69762,-0.46562,0.14686,0.40992,-0.9002,-0.68505,-0.24732,0.6852,0.10489,0.73711,0.66756,-0.98694,-0.009552,0.16077,-0.14228,0.83657,0.52901,0.10611,0.98874,0.10523,-0.85137,0.42347,-0.30943,-0.56319,-0.23591,-0.79189,0.18726,0.81246,-0.55208,0.022675,-0.85504,-0.51802,0.80633,0.19434,-0.55861,0.46223,0.42644,-0.77746,0.003967,-0.99921,-0.039094,0.91037,0.054933,0.41011,0.97586,-0.024812,-0.21687,0.44035,-0.36894,0.81848,-0.11753,-0.81903,0.56154,0.46049,0.42427,0.77966,0.93915,0.072115,-0.33583,0.80902,0,-0.58776,0.309,0,-0.95105,0.70492,0.49068,-0.51213,0.26923,0.49068,-0.82867,-0.309,0,-0.95105,-0.26923,0.49068,-0.82867,-0.80902,0,-0.58776,-0.70492,0.49068,-0.51213,-1,0,0,-0.87133,0.49068,0,-0.80902,0,0.58776,-0.70492,0.49068,0.51213,-0.309,0,0.95105,-0.26923,0.49068,0.82867,0.309,0,0.95105,0.26923,0.49068,0.82867,0.80902,0,0.58776,0.70492,0.49068,0.51213,1,0,0,0.87133,0.49068,0,0.26221,0.965,0,0.21213,0.965,-0.15412,0.21213,0.965,0.15412,0.081027,0.965,-0.24937,-0.081027,0.965,-0.24937,-0.21213,0.965,-0.15412,-0.26221,0.965,0,-0.21213,0.965,0.15412,-0.081027,0.965,0.24937,0.081027,0.965,0.24937,-0.28959,0.58858,0.75475,-0.38643,0.33311,0.86004,0.28959,0.58858,0.75475,0.38643,0.33311,0.86004,-0.38643,0.33311,-0.86004,-0.28959,0.58858,-0.75475,0.38643,0.33311,-0.86004,0.28959,0.58858,-0.75475,0.75475,0.58858,0.28959,0.86004,0.33311,0.38643,0.75475,0.58858,-0.28959,0.86004,0.33311,-0.38643,-0.75475,0.58858,-0.28959,-0.86004,0.33311,-0.38643,-0.75475,0.58858,0.28959,-0.86004,0.33311,0.38643,-0.30546,0.94375,0.1265,-0.1265,0.94375,0.30543,-0.30546,0.94375,-0.1265,0.1265,0.94375,0.30543,0.30546,0.94375,0.12653,0.30546,0.94375,-0.12653,0.1265,0.94375,-0.30546,-0.1265,0.94375,-0.30546,0.95264,0.053529,-0.29926,0.58635,0.038087,-0.80914,0.65374,0.71264,-0.2544,0.43107,0.6993,-0.57021,0.00174,0.037751,-0.99927,-0.008087,0.70495,-0.70919,-0.40846,0.71181,-0.57134,-0.5898,0.040101,-0.80651,-0.95001,0.044282,-0.30897,-0.67202,0.71239,-0.20206,-0.63445,0.71841,0.28513,-0.94665,0.059206,0.31672,-0.592,0.061708,0.80355,-0.29853,0.71981,0.62664,-0.18445,0.60082,0.7778,0.005127,0.060884,0.99811,0.57738,0.049928,0.8149,0.26084,0.74383,0.61531,0.6971,0.69307,0.18342,0.95346,0.049959,0.29731,0.029389,0.99954,0.002533],
    
    "colors": [],