    {
    
    "metadata" :
    {
    "formatVersion" : 3.1,
    "sourceFile"    : "Cube.obj",
    "generatedBy"   : "OBJConverter",
    "vertices"      : 8,
    "faces"         : 12,
    "normals"       : 0,
    "colors"        : 0,
    "uvs"           : 0,
    "materials"     : 1
    },
    
    "scale" : 1.000000,
    
    "materials": [	{
	"DbgColor" : 15658734,
	"DbgIndex" : 0,
	"DbgName" : "Material",
	"colorAmbient" : [0.3, 0.3, 0.3],
	"colorDiffuse" : [0.64000000000000001, 0.64000000000000001, 0.64000000000000001],
	"colorSpecular" : [1.0, 1.0, 1.0],
	"illumination" : 2,
	"opticalDensity" : 1.0,
	"specularCoef" : 96.078431,
	"transparency" : 1.0
	}],
    
    "vertices": [1.000000,-1.000000,-1.000000,1.000000,-1.000000,1.000000,-1.000000,-1.000000,1.000000,-1.000000,-1.000000,-1.000000,1.000000,1.000000,-0.999999,0.999999,1.000000,1.000001,-1.000000,1.000000,1.000000,-1.000000,1.000000,-1.000000],
    
    "morphTargets": [],
    
    "morphColors": [],
    
    "normals": [],
    
    "colors": [],
    
    "uvs": [[]],
    
    "faces": [2,0,1,2,0,2,4,7,6,0,2,0,4,5,0,2,1,5,2,0,2,2,6,3,0,2,4,0,3,0,2,3,0,2,0,2,5,4,6,0,2,1,0,5,0,2,5,6,2,0,2,6,7,3,0,2,7,4,3,0]
    
    }
    